ID,MINA,UF,MUNICIPIO,LATITUDE,LONGITUDE,RISCO
3685,Nome da mina não informado,MT,POCONÉ,-16.215833333333332,-56.604305555555555,Média
3687,Nome da mina não informado,MT,POCONÉ,-16.214416666666665,-56.60594444444445,Média
5405,Nome da mina não informado,AP,FERREIRA GOMES,1.0019722222222223,-51.12888888888889,Média
5863,Mina do Queias,MG,BRUMADINHO,-20.122972222222224,-44.31258333333333,Alta
5865,Mina do Queias,MG,BRUMADINHO,-20.11936111111111,-44.31594444444444,Alta
5866,Mina do Queias,MG,BRUMADINHO,-20.117583333333332,-44.317194444444446,Alta
7471,Nome da mina não informado,AP,PEDRA BRANCA DO AMAPARI,0.8008358333333334,-51.87452583333334,Média
8179,Nome da mina não informado,SE,ROSÁRIO DO CATETE,-10.653444444444444,-37.03058333333333,Baixa
8180,Complexo Mínero-Químico de Taquari-Vassouras,SE,ROSÁRIO DO CATETE,-10.657833333333334,-37.02983333333333,Baixa
8181,Nome da mina não informado,SE,ROSÁRIO DO CATETE,-10.657333333333334,-37.03133333333333,Baixa
8182,Nome da mina não informado,BA,SANTALUZ,-11.003444444444444,-39.28702777777777,Baixa
8183,Nome da mina não informado,BA,SANTALUZ,-11.003638888888888,-39.30083333333333,Baixa
8184,Serra Norte,PA,PARAUAPEBAS,-6.099444444444444,-50.1625,Baixa
8185,Serra Norte,PA,PARAUAPEBAS,-5.994793333333333,-50.10948166666667,Baixa
8186,Serra Norte,PA,PARAUAPEBAS,-5.979277777777778,-50.141416666666665,Baixa
8187,Serra Norte,PA,PARAUAPEBAS,-6.108138888888888,-50.16905555555555,Baixa
8188,Nome da mina não informado,PA,PARAUAPEBAS,-6.046821111111111,-50.142919166666665,Baixa
8189,Nome da mina não informado,PA,PARAUAPEBAS,-6.056853611111111,-50.14378,Baixa
8190,Nome da mina não informado,PA,SÃO FÉLIX DO XINGU,-6.831527777777778,-51.991,Média
8193,Manganês Azul,PA,PARAUAPEBAS,-6.078138888888889,-50.29147222222222,Baixa
8194,Manganês Azul,PA,PARAUAPEBAS,-6.112728611111111,-50.308589166666664,Baixa
8195,Unidade operacional de Catalão,GO,CATALÃO,-18.112583333333333,-47.78447222222222,Baixa
8196,Unidade de catalão,GO,CATALÃO,-18.10531388888889,-47.77976666666667,Baixa
8198,MINA FÁBRICA NOVA,MG,MARIANA,-20.207473055555553,-43.45439972222223,Baixa
8199,MINA FÁBRICA NOVA,MG,MARIANA,-20.184531944444444,-43.43761361111111,Baixa
8200,MINA ALEGRIA,MG,MARIANA,-20.159307499999997,-43.46931083333334,Baixa
8204,Timbopeba,MG,OURO PRETO,-20.270514444444444,-43.49623527777778,Baixa
8206,Fazendão,MG,CATAS ALTAS,-20.105474444444447,-43.40418222222222,Baixa
8207,TIMBOPEBA,MG,OURO PRETO,-20.290448611111113,-43.49052777777778,Alta
8209,ALEGRIA,MG,MARIANA,-20.176068055555557,-43.487316666666665,Média
8210,Fazendão,MG,MARIANA,-20.139289722222223,-43.41233305555556,Alta
8216,Mina de Mar Azul,MG,NOVA LIMA,-20.05825,-43.964083333333335,Baixa
8217,Mina de Mar Azul,MG,NOVA LIMA,-20.06113888888889,-43.961333333333336,Baixa
8218,Mina da Bocaina,MG,ARCOS,-20.316561111111113,-45.58316111111112,Baixa
8219,Mina da Bocaina,MG,ARCOS,-20.31343888888889,-45.57745555555556,Baixa
8220,Mina Jangada,MG,BRUMADINHO,-20.108272777777778,-44.07366777777778,Baixa
8249,Mina de Mar Azul,MG,NOVA LIMA,-20.039333333333335,-43.929138888888886,Baixa
8253,Nome da mina não informado,BA,SANTALUZ,-11.260280555555555,-39.35756111111111,Média
8254,Nome da mina não informado,BA,SANTALUZ,-11.260519444444444,-39.35755555555556,Média
8255,Nome da mina não informado,BA,SANTALUZ,-11.26008888888889,-39.35758333333334,Média
8256,Nome da mina não informado,MG,NOVA LIMA,-20.110016666666667,-43.90324722222222,Média
8262,Nome da mina não informado,MG,CARANAÍBA,-20.903388888888887,-43.803888888888885,Média
8267,Mina Fontanella,SC,TREVISO,-28.49211111111111,-49.46027777777778,Baixa
8268,Mina Fontanella,SC,TREVISO,-28.49413888888889,-49.46002777777778,Baixa
8269,Nome da mina não informado,PA,OURILÂNDIA DO NORTE,-6.580472222222222,-51.077083333333334,Baixa
8271,Nome da mina não informado,PA,SÃO FÉLIX DO XINGU,-6.558737777777778,-51.17782888888889,Baixa
8272,Nome da mina não informado,PA,SÃO FÉLIX DO XINGU,-6.5559569444444445,-51.17348277777778,Baixa
8276,Mina de Fábrica,MG,CONGONHAS,-20.426000000000002,-43.88597222222222,Média
8279,Mina de Fábrica,MG,CONGONHAS,-20.425833333333333,-43.891777777777776,Baixa
8280,Nome da mina não informado,MG,BELO HORIZONTE,-20.025280555555554,-44.013527777777774,Baixa
8281,Nome da mina não informado,MG,CONGONHAS,-20.43402777777778,-43.882333333333335,Baixa
8282,Galinheiro,MG,ITABIRITO,-20.196583333333333,-43.86708333333333,Baixa
8283,Mina Fábrica ,MG,OURO PRETO,-20.406055555555554,-43.85572222222223,Alta
8286,Mina de Fabrica,MG,OURO PRETO,-20.408277777777776,-43.85180555555556,Alta
8287,Nome da mina não informado,PA,SÃO FÉLIX DO XINGU,-6.58036111111111,-51.174166666666665,Baixa
8288,Nome da mina não informado,PA,SÃO FÉLIX DO XINGU,-6.561861111111111,-51.17113888888888,Baixa
8289,Nome da mina não informado,PA,SÃO FÉLIX DO XINGU,-6.560388888888888,-51.16672222222222,Baixa
8290,Mina de Fábrica,MG,OURO PRETO,-20.410916666666665,-43.83661111111111,Alta
8291,Mineração Serra Grande SA,GO,CRIXÁS,-14.561166666666667,-49.96016666666667,Baixa
8292,Nome da mina não informado,MG,MATEUS LEME,-19.934444444444445,-44.47083333333334,Média
8293,Nome da mina não informado,MG,MATEUS LEME,-19.934166666666666,-44.47138888888889,Média
8294,Nome da mina não informado,MG,MATEUS LEME,-19.933888888888887,-44.471944444444446,Média
8296,MINA FÁBRICA ,MG,OURO PRETO,-20.394777777777776,-43.85155555555556,Baixa
8299,Nome da mina não informado,MG,OURO PRETO,-20.39498,-43.83973972222223,Baixa
8300,Nome da mina não informado,BA,SIMÕES FILHO,-12.856777777777777,-38.40441666666666,Média
8301,Nome da mina não informado,MG,CONGONHAS,-20.431333333333335,-43.88286111111111,Média
8302,Nome da mina não informado,MG,OURO PRETO,-20.414777777777775,-43.86513888888889,Média
8303,Mina do Pico ,MG,ITABIRITO,-20.224916666666665,-43.873222222222225,Média
8304,Mina do Pico,MG,ITABIRITO,-20.214416666666665,-43.89169444444445,Alta
8305,Nome da mina não informado,MG,BELO VALE,-20.42527777777778,-43.927861111111106,Baixa
8307,Nome da mina não informado,MG,BELO VALE,-20.433944444444446,-43.931555555555555,Baixa
8308,Nome da mina não informado,MG,OURO PRETO,-20.41172222222222,-43.86527777777778,Baixa
8311,Cauê,MG,ITABIRA,-19.57450888888889,-43.24628555555556,Baixa
8312,Nome da mina não informado,MG,ITABIRA,-19.60931,-43.2633825,Baixa
8313,Nome da mina não informado,MG,ITABIRA,-19.612504722222223,-43.26678,Baixa
8314,Nome da mina não informado,MG,ITABIRA,-19.640643333333333,-43.24147777777778,Baixa
8315,Nome da mina não informado,MG,ITABIRA,-19.645592222222223,-43.242225,Baixa
8316,Cauê,MG,ITABIRA,-19.575618055555555,-43.20475694444445,Baixa
8317,Cauê,MG,ITABIRA,-19.572700277777777,-43.197536388888885,Baixa
8318,Mina Conceição,MG,ITABIRA,-19.647583333333333,-43.274138888888885,Baixa
8320,Conceição,MG,ITABIRA,-19.68536111111111,-43.28622222222222,Baixa
8325,Cauê,MG,ITABIRA,-19.570480555555555,-43.23155666666667,Baixa
8330,Cauê,MG,ITABIRA,-19.56347388888889,-43.20628277777778,Baixa
8332,Cauê,MG,ITABIRA,-19.625463333333332,-43.18294361111111,Alta
8333,Nome da mina não informado,MG,UBERABA,-19.410823055555554,-47.95583777777778,Média
8335,Cauê,MG,ITABIRA,-19.555094166666667,-43.1608625,Baixa
8337,Nome da mina não informado,MG,UBERABA,-19.410908055555556,-47.957124444444446,Média
8338,Nome da mina não informado,MG,UBERABA,-19.41135361111111,-47.957726944444445,Média
8344,Mina de Cajati,SP,CAJATI,-24.69986666666667,-48.11296277777778,Baixa
8345,Mina de Cajati,SP,CAJATI,-24.693055555555556,-48.12027777777778,Média
8346,Nome da mina não informado,BA,BRUMADO,-14.233777777777776,-41.71969444444445,Média
8347,Nome da mina não informado,SP,SANTOS,-23.881666666666668,-46.31433333333333,Média
8350,Nome da mina não informado,MG,UBERABA,-19.41016111111111,-47.95496305555556,Média
8351,Nome da mina não informado,MG,UBERABA,-19.411454166666665,-47.956608611111115,Média
8352,Nome da mina não informado,MG,UBERABA,-19.40947222222222,-47.95568333333333,Média
8358,Nome da mina não informado,MG,ITABIRA,-19.607335833333334,-43.257255,Baixa
8359,Mina Conceição,MG,ITABIRA,-19.674222222222223,-43.23641666666667,Baixa
8363,Córrego do Meio,MG,SABARÁ,-19.857194444444445,-43.80452777777778,Baixa
8366,Brucutu,MG,SÃO GONÇALO DO RIO ABAIXO,-19.87864972222222,-43.37824722222222,Baixa
8367,Pedreira Juruaçu,SP,SÃO PAULO,-23.409555555555553,-46.73122222222222,Baixa
8368,Brucutu,MG,SÃO GONÇALO DO RIO ABAIXO,-19.87477861111111,-43.37972833333333,Baixa
8369,Água Limpa,MG,RIO PIRACICABA,-19.929942222222223,-43.196193888888885,Baixa
8370,Água Limpa,MG,RIO PIRACICABA,-19.932458611111112,-43.20921333333334,Baixa
8371,Pedreira Itapeti,SP,MOGI DAS CRUZES,-23.49716666666667,-46.24388888888889,Baixa
8372,Água Limpa,MG,SANTA BÁRBARA,-19.963639722222222,-43.2378675,Baixa
8373,Mina de Brucutu,MG,BARÃO DE COCAIS,-19.84834222222222,-43.42172055555555,Alta
8374,Pedreira Itapeti,SP,MOGI DAS CRUZES,-23.49663888888889,-46.24733333333334,Baixa
8375,Água Limpa,MG,SANTA BÁRBARA,-19.959216666666666,-43.23888888888889,Baixa
8376,Mina de Brucutu,MG,SÃO GONÇALO DO RIO ABAIXO,-19.883975,-43.38568,Baixa
8379,Brucutu,MG,SÃO GONÇALO DO RIO ABAIXO,-19.864143611111114,-43.355869444444444,Baixa
8381,Gongo Soco,MG,BARÃO DE COCAIS,-19.973500277777777,-43.6037275,Média
8383,Gongo Soco,MG,BARÃO DE COCAIS,-19.948728055555556,-43.58669972222223,Média
8385,Gongo Soco,MG,BARÃO DE COCAIS,-19.938450833333334,-43.58381027777778,Média
8386,Gongo Soco,MG,BARÃO DE COCAIS,-19.9717275,-43.60806222222222,Média
8389,Gongo Soco,MG,BARÃO DE COCAIS,-19.970175555555553,-43.59686694444445,Alta
8391,Nome da mina não informado,SC,SIDERÓPOLIS,-28.586851944444444,-49.443215277777774,Baixa
8392,Nome da mina não informado,MT,POCONÉ,-16.245391666666666,-56.607369444444444,Baixa
8396,Nome da mina não informado,MT,POCONÉ,-16.24136388888889,-56.604866666666666,Baixa
8400,Nome da mina não informado,MG,ITABIRITO,-20.379469444444446,-43.91678333333333,Baixa
8403,Nome da mina não informado,MG,SANTA BÁRBARA,-20.185083333333335,-43.60575,Baixa
8405,Mina de Capanema,MG,SANTA BÁRBARA,-20.1735,-43.61530555555556,Média
8406,Del Rey,MG,MARIANA,-20.338055555555556,-43.42461111111111,Baixa
8407,Del Rey,MG,MARIANA,-20.348972222222223,-43.41308333333333,Baixa
8412,Nome da mina não informado,SC,LAURO MÜLLER,-28.40961111111111,-49.427749999999996,Baixa
8414,Nome da mina não informado,SC,IÇARA,-28.729166666666664,-49.248333333333335,Baixa
8421,Mina de Águas Claras,MG,NOVA LIMA,-19.977086666666665,-43.893002777777774,Média
8422,Mina de Águas Claras,MG,NOVA LIMA,-19.967364999999997,-43.882979166666665,Média
8428,Complexo de Mineração de Tapira,MG,TAPIRA,-19.823305555555557,-46.86830555555556,Baixa
8429,Nome da mina não informado,MT,POCONÉ,-16.05025277777778,-56.548275,Baixa
8430,Gongo Soco,MG,BARÃO DE COCAIS,-19.975726111111108,-43.6006975,Baixa
8431,Mina Morrou do Ouro,MG,PARACATU,-17.146166666666666,-46.902166666666666,Alta
8432,Complexo de Mineração de Tapira,MG,TAPIRA,-19.837249999999997,-46.837361111111115,Baixa
8433,Mina Morro do Ouro,MG,PARACATU,-17.146333333333335,-46.85633333333333,Baixa
8434,Mina Morro do Ouro,MG,PARACATU,-17.174166666666668,-46.87916666666667,Baixa
8435,Nome da mina não informado,PA,CANAÃ DOS CARAJÁS,-6.39938888888889,-50.340138888888895,Baixa
8436,Mina Morro do Ouro,MG,PARACATU,-17.1755,-46.88783333333333,Baixa
8437,Mina Morro do Ouro,MG,PARACATU,-17.172333333333334,-46.88333333333333,Baixa
8438,Mina Morro do Ouro,MG,PARACATU,-17.182333333333336,-46.898833333333336,Baixa
8439,Complexo de Mineração de Tapira,MG,TAPIRA,-19.82102777777778,-46.84180555555556,Baixa
8440,Projeto Antas Norte,PA,CURIONÓPOLIS,-6.236122222222222,-49.76645277777778,Baixa
8441,Complexo de Mineração de Tapira,MG,TAPIRA,-19.84247222222222,-46.86425,Baixa
8443,Complexo de Mineração de Tapira,MG,TAPIRA,-19.8385,-46.83277777777778,Baixa
8446,Complexo de Mineração de Tapira,MG,TAPIRA,-19.788861111111114,-46.87888888888889,Baixa
8450,Unidade de Patos de Minas,MG,PATOS DE MINAS,-18.37902777777778,-46.92647222222222,Baixa
8451,Mina Córrego do Feijão,MG,BRUMADINHO,-20.11963888888889,-44.13922222222222,Baixa
8453,Mina Córrego do Feijão,MG,BRUMADINHO,-20.128083333333333,-44.13827777777778,Baixa
8454,Unidade de Patos de Minas,MG,PATOS DE MINAS,-18.379805555555556,-46.93283333333333,Baixa
8456,Mina Córrego do Feijão,MG,BRUMADINHO,-20.119055555555555,-44.12441666666667,Baixa
8457,Mina Córrego do Feijão,MG,BRUMADINHO,-20.104277777777778,-44.11966666666667,Baixa
8458,Nome da mina não informado,MT,POCONÉ,-16.255,-56.61527777777778,Média
8459,Nome da mina não informado,MT,POCONÉ,-16.098363888888887,-56.56857777777778,Baixa
8460,Nome da mina não informado,MT,POCONÉ,-16.119944444444446,-56.587722222222226,Baixa
8462,Nome da mina não informado,MG,PATOS DE MINAS,-18.38088888888889,-46.92719444444444,Baixa
8464,Nome da mina não informado,MT,POCONÉ,-16.06292777777778,-56.561927777777775,Baixa
8465,Nome da mina não informado,MT,POCONÉ,-16.110855555555556,-56.57396666666667,Baixa
8467,Nome da mina não informado,MG,PRADOS,-21.191055555555558,-43.99125,Média
8471,Nome da mina não informado,MT,POCONÉ,-16.2924,-56.650755555555556,Baixa
8472,Nome da mina não informado,MT,POCONÉ,-16.29515277777778,-56.72561666666667,Média
8475,Nome da mina não informado,MT,POCONÉ,-16.037916666666668,-56.537638888888885,Baixa
8476,Nome da mina não informado,MT,POCONÉ,-16.29485277777778,-56.65153333333333,Baixa
8482,Nome da mina não informado,MG,NOVA LIMA,-20.110225,-43.9088,Média
8489,MINA DA FAZ. RECREIO,SP,MONTE MOR,-22.93841666666667,-47.24025,Média
8490,Mina Fazenda do Quebra,MG,BETIM,-19.985555555555557,-44.12147222222222,Baixa
8495,Mina do Barreiro,MG,ARAXÁ,-19.65020388888889,-46.95232194444445,Baixa
8496,Mina do Barreiro,MG,ARAXÁ,-19.616944444444446,-47.02111111111111,Baixa
8498,Nome da mina não informado,MG,ITATIAIUÇU,-20.16925,-44.45088055555556,Média
8500,Mina do Barreiro,MG,ARAXÁ,-19.641352777777776,-46.973849722222226,Baixa
8501,Mina do Barreiro,MG,ARAXÁ,-19.654166666666665,-46.95305555555556,Baixa
8502,Mina do Barreiro,MG,ARAXÁ,-19.649722222222223,-46.94611111111111,Baixa
8504,MINA OESTE,MG,ITATIAIUÇU,-20.172921666666667,-44.4485475,Baixa
8505,Mina de Casa Branca,MG,BRUMADINHO,-20.064805555555555,-44.029222222222224,Baixa
8506,Mina do Barreiro,MG,ARAXÁ,-19.610835,-47.02936583333333,Baixa
8507,Mina de Casa Branca,MG,BRUMADINHO,-20.066305555555555,-44.02719444444444,Baixa
8509,Nome da mina não informado,MG,MATEUS LEME,-20.129083333333334,-44.42019444444444,Média
8510,Mina de Casa Branca,MG,BRUMADINHO,-20.067444444444444,-44.02302777777778,Média
8511,Mina do Barreiro,MG,ARAXÁ,-19.63361111111111,-46.99638888888889,Baixa
8513,Nome da mina não informado,MG,MATEUS LEME,-20.130277777777778,-44.4225,Média
8514,Nome da mina não informado,MG,MATEUS LEME,-20.130736111111112,-44.42670277777778,Baixa
8515,Nome da mina não informado,MG,ITATIAIUÇU,-20.161916666666666,-44.456250000000004,Média
8516,Nome da mina não informado,MG,MATEUS LEME,-20.12441388888889,-44.40018333333333,Média
8517,Nome da mina não informado,MG,ITATIAIUÇU,-20.16247222222222,-44.44738888888889,Média
8519,Nome da mina não informado,MG,ITATIAIUÇU,-20.15588888888889,-44.44708333333333,Baixa
8520,Nome da mina não informado,MG,ITATIAIUÇU,-20.136333333333333,-44.405249999999995,Média
8521,Nome da mina não informado,MG,MATEUS LEME,-20.125333333333334,-44.41047222222222,Média
8522,Nome da mina não informado,MG,MATEUS LEME,-20.12625,-44.4135,Média
8523,Nome da mina não informado,MG,ITATIAIUÇU,-20.145916666666665,-44.40547222222222,Baixa
8525,Mina Da Mutuca,MG,NOVA LIMA,-20.02622583333333,-43.942562499999994,Média
8526,Nome da mina não informado,MG,ITATIAIUÇU,-20.15983333333333,-44.44994444444444,Baixa
8527,Nome da mina não informado,MG,MATEUS LEME,-20.12138888888889,-44.37122222222222,Média
8528,Nome da mina não informado,MG,MATEUS LEME,-20.12022222222222,-44.37177777777778,Média
8529,Nome da mina não informado,MG,MATEUS LEME,-20.116083333333336,-44.37125,Média
8530,Nome da mina não informado,MG,ITATIAIUÇU,-20.14038888888889,-44.42247222222222,Baixa
8532,Nome da mina não informado,MG,ITATIAIUÇU,-20.15036111111111,-44.43583333333333,Média
8533,Nome da mina não informado,MG,ITATIAIUÇU,-20.156055555555554,-44.44138888888889,Média
8535,MINA OESTE,MG,ITATIAIUÇU,-20.170972222222222,-44.45458333333334,Baixa
8537,Nome da mina não informado,SP,SÃO SIMÃO,-21.43033888888889,-47.613055555555555,Baixa
8538,São Francisco,MT,VILA BELA DA SANTÍSSIMA TRINDADE,-14.849338888888889,-59.658113888888884,Baixa
8539,Mina Turmalina,MG,CONCEIÇÃO DO PARÁ,-19.746055555555557,-44.87441666666667,Baixa
8540,Nome da mina não informado,SP,CAIEIRAS,-23.393072222222223,-46.77502777777778,Média
8543,Nome da mina não informado,SP,MOGI DAS CRUZES,-23.397333333333332,-46.19488888888888,Baixa
8546,Mineração do Vale,SP,CORUMBATAÍ,-22.192083333333333,-47.55152777777778,Baixa
8547,MINERAÇÃO AURIZONA,MA,GODOFREDO VIANA,-1.3013333333333335,-45.76130555555556,Alta
8548,Nome da mina não informado,SP,TATUÍ,-23.354805555555558,-47.730250000000005,Média
8549,Nome da mina não informado,SP,MOGI DAS CRUZES,-23.398166666666665,-46.20483333333333,Média
8550,Nome da mina não informado,SP,MOGI DAS CRUZES,-23.3955,-46.20483333333333,Média
8554,Santa Isabel,MG,ITABIRITO,-20.21045472222222,-43.68577777777777,Baixa
8555,Mina Roça Grande / Mina Pilar,MG,CAETÉ,-19.934925833333335,-43.649055833333335,Baixa
8557,Nome da mina não informado,PA,ORIXIMINÁ,-1.4719166666666668,-56.38575,Baixa
8559,Nome da mina não informado,PA,ORIXIMINÁ,-1.4658055555555556,-56.39066666666667,Baixa
8560,Nome da mina não informado,PA,ORIXIMINÁ,-1.6829166666666666,-56.418166666666664,Baixa
8561,Nome da mina não informado,PA,ORIXIMINÁ,-1.6835,-56.45266666666667,Baixa
8562,Nome da mina não informado,PA,ORIXIMINÁ,-1.6826388888888888,-56.46327777777778,Baixa
8563,Nome da mina não informado,PA,ORIXIMINÁ,-1.6873055555555556,-56.468250000000005,Baixa
8564,Mina Casa de Pedra,MG,CONGONHAS,-20.50583333333333,-43.88333333333333,Baixa
8565,Nome da mina não informado,PA,ORIXIMINÁ,-1.6929444444444444,-56.467305555555555,Baixa
8566,Nome da mina não informado,PA,ORIXIMINÁ,-1.69875,-56.47027777777778,Baixa
8567,Nome da mina não informado,PA,ORIXIMINÁ,-1.699888888888889,-56.47541666666667,Baixa
8569,Mina de Quatis,RJ,QUATIS,-22.455055555555553,-44.28619444444444,Baixa
8574,Mina Casa de Pedra,MG,CONGONHAS,-20.485833333333336,-43.88583333333333,Baixa
8575,Nome da mina não informado,PA,ORIXIMINÁ,-1.693888888888889,-56.476111111111116,Baixa
8576,Mina Casa de Pedra,MG,CONGONHAS,-20.451651944444443,-43.90656583333333,Baixa
8577,Nome da mina não informado,PA,ORIXIMINÁ,-1.6846944444444445,-56.40369444444444,Baixa
8578,Nome da mina não informado,PA,ORIXIMINÁ,-1.6848055555555557,-56.427055555555555,Média
8579,Nome da mina não informado,PA,ORIXIMINÁ,-1.690611111111111,-56.42697222222222,Baixa
8580,Mina Casa de Pedra,MG,CONGONHAS,-20.485277777777778,-43.955000000000005,Baixa
8581,Nome da mina não informado,PA,ORIXIMINÁ,-1.6826944444444443,-56.43541666666666,Baixa
8588,Nome da mina não informado,PA,ORIXIMINÁ,-1.6828333333333332,-56.44455555555555,Baixa
8590,Nome da mina não informado,PA,ORIXIMINÁ,-1.6763333333333332,-56.424277777777775,Baixa
8595,Nome da mina não informado,PA,ORIXIMINÁ,-1.6715555555555555,-56.434194444444444,Média
8596,Nome da mina não informado,PA,ORIXIMINÁ,-1.669722222222222,-56.44008333333333,Baixa
8597,Nome da mina não informado,PA,ORIXIMINÁ,-1.6696944444444444,-56.44488888888888,Média
8598,Nome da mina não informado,PA,ORIXIMINÁ,-1.673472222222222,-56.45280555555556,Baixa
8599,Nome da mina não informado,PA,ORIXIMINÁ,-1.6749166666666666,-56.46091666666667,Baixa
8600,Nome da mina não informado,PA,ORIXIMINÁ,-1.6685277777777776,-56.462250000000004,Baixa
8601,Nome da mina não informado,PA,ORIXIMINÁ,-1.6817777777777776,-56.41108333333333,Média
8602,Nome da mina não informado,PA,ORIXIMINÁ,-1.6764999999999999,-56.437999999999995,Média
8603,Nome da mina não informado,MT,POCONÉ,-16.232602777777775,-56.60697527777778,Baixa
8606,Nome da mina não informado,MG,DESCOBERTO,-21.46719444444444,-42.88597222222222,Média
8610,Nome da mina não informado,SP,BOFETE,-23.1885,-48.351333333333336,Média
8614,Nome da mina não informado,MG,SENADOR MODESTINO GONÇALVES,-17.968313888888886,-43.169013888888884,Baixa
8615,Nome da mina não informado,MT,POCONÉ,-16.17586111111111,-56.59447222222222,Baixa
8616,Mina Casa de Pedra,MG,CONGONHAS,-20.485,-43.93333333333333,Baixa
8617,Nome da mina não informado,MG,SENADOR MODESTINO GONÇALVES,-17.96846111111111,-43.169777777777774,Baixa
8618,SALOBO,PA,MARABÁ,-5.81726,-50.567168888888894,Baixa
8619,Nome da mina não informado,PA,CANAÃ DOS CARAJÁS,-6.454916666666667,-50.228750000000005,Baixa
8620,Nome da mina não informado,PA,CANAÃ DOS CARAJÁS,-6.394416666666667,-50.31980555555556,Baixa
8621,Nome da mina não informado,PA,CANAÃ DOS CARAJÁS,-6.4782222222222225,-50.321361111111116,Baixa
8622,Nome da mina não informado,MG,ITABIRA,-19.69236111111111,-43.112861111111116,Média
8624,Nome da mina não informado,MG,SENADOR MODESTINO GONÇALVES,-17.96865833333333,-43.16974444444444,Baixa
8625,Mina do Morro,PR,CAMPO LARGO,-25.370505833333333,-49.69086083333333,Baixa
8626,Nome da mina não informado,MG,ARAXÁ,-19.65972222222222,-46.926944444444445,Baixa
8627,Barreiro,MG,ARAXÁ,-19.657,-46.94018055555555,Baixa
8628,SALOBO ,PA,MARABÁ,-5.8326111111111105,-50.54111111111111,Baixa
8629,Nome da mina não informado,MT,NOSSA SENHORA DO LIVRAMENTO,-15.687977777777778,-56.35111666666667,Alta
8631,Mina Morro do Felipe,AP,VITÓRIA DO JARI,0.8976869444444444,-52.378970833333334,Média
8637,Nome da mina não informado,AP,VITÓRIA DO JARI,0.882888888888889,-52.38111111111111,Média
8639,Nome da mina não informado,AP,VITÓRIA DO JARI,0.8940277777777778,-52.364583333333336,Baixa
8643,Mina Morro do Felipe,PA,ALMEIRIM,0.8976111111111111,-52.441805555555554,Baixa
8662,Mina de Pitinga,AM,PRESIDENTE FIGUEIREDO,0.733361111111111,-60.13838888888889,Alta
8663,Planta do Queiroz,MG,NOVA LIMA,-19.973611111111108,-43.82944444444445,Baixa
8664,Córrego do Sítio,MG,SANTA BÁRBARA,-19.98477777777778,-43.472166666666666,Média
8667,Complexo Cuiabá-Lamego,MG,SABARÁ,-19.8663375,-43.72719861111111,Baixa
8668,Nome da mina não informado,AM,PRESIDENTE FIGUEIREDO,0.7386388888888888,-60.16738888888889,Média
8669,Nome da mina não informado,BA,IRECÊ,-11.311944444444444,-41.839444444444446,Média
8671,Nome da mina não informado,PA,ALMEIRIM,0.9145697222222222,-52.42868583333333,Baixa
8673,Nome da mina não informado,AM,PRESIDENTE FIGUEIREDO,0.707111111111111,-60.19252777777778,Média
8674,Nome da mina não informado,PA,ALMEIRIM,0.9111158333333333,-52.43246277777777,Média
8675,Nome da mina não informado,AM,PRESIDENTE FIGUEIREDO,0.7235277777777778,-60.19672222222222,Média
8676,Nome da mina não informado,AM,PRESIDENTE FIGUEIREDO,0.7404166666666666,-60.20141666666667,Média
8677,Nome da mina não informado,AM,PRESIDENTE FIGUEIREDO,0.7431944444444444,-60.20141666666667,Média
8678,Nome da mina não informado,AM,PRESIDENTE FIGUEIREDO,0.7615555555555555,-60.20597222222222,Média
8679,Mina de Pitinga,AM,PRESIDENTE FIGUEIREDO,0.7853611111111111,-60.19341111111111,Alta
8681,Nome da mina não informado,MG,ITABIRITO,-20.249922222222224,-43.93545833333333,Baixa
8682,Nome da mina não informado,MG,ITABIRITO,-20.251191666666667,-43.93723333333333,Baixa
8683,Mina Retiro do Sapecado,MG,ITABIRITO,-20.26043888888889,-43.926775,Baixa
8684,Mina de Pitinga,AM,PRESIDENTE FIGUEIREDO,0.7380277777777777,-60.07891666666667,Média
8685,Mina de Pitinga,AM,PRESIDENTE FIGUEIREDO,0.7322869444444444,-60.06899888888889,Baixa
8686,Vermelhão,MG,OURO PRETO,-20.402292777777777,-43.53632583333333,Baixa
8688,Nome da mina não informado,RO,RIO CRESPO,-9.770694444444445,-62.74063888888889,Baixa
8689,SALOBO,PA,MARABÁ,-5.77944,-50.53806,Baixa
8690,Mina Casa de Pedra ,MG,OURO PRETO,-20.437981944444445,-43.83400972222223,Baixa
8693,Mina de Fernandinho,MG,RIO ACIMA,-20.16338888888889,-43.85100277777778,Baixa
8694,Mina de Fernandinho,MG,RIO ACIMA,-20.161011944444443,-43.84780583333333,Baixa
8695,Córrego do Sítio,MG,SANTA BÁRBARA,-20.01888888888889,-43.49305555555556,Baixa
8696,Mina de Fernandinho,MG,RIO ACIMA,-20.158840833333333,-43.84299583333333,Baixa
8699,Minas do Engenho Seco ,MG,SARZEDO,-20.0899,-44.10048888888889,Baixa
8700,Planta Queiroz,MG,NOVA LIMA,-19.96527777777778,-43.841944444444444,Baixa
8704,SALOBO ,PA,MARABÁ,-5.823333333333333,-50.490833333333335,Baixa
8707,SALOBO ,PA,MARABÁ,-5.778,-50.52291666666667,Baixa
8710,Nome da mina não informado,SP,MOGI DAS CRUZES,-23.62222277777778,-46.24856777777778,Alta
8721,Nome da mina não informado,BA,VITÓRIA DA CONQUISTA,-14.811214722222223,-41.004976944444444,Média
8723,Campbell,BA,MARACÁS,-13.686736388888889,-40.69166166666666,Baixa
8724,Campbell,BA,MARACÁS,-13.68725,-40.689138888888884,Baixa
8730,Unidade ITA4,SP,MOGI DAS CRUZES,-23.562805555555556,-46.267916666666665,Média
8732,Mina Santa Rita,BA,ITAGIBÁ,-14.189108888888889,-39.69714083333333,Baixa
8734,Nome da mina não informado,BA,ITAGIBÁ,-14.196540833333334,-39.691649722222216,Média
8741,Nome da mina não informado,TO,ARRAIAS,-12.895818888888888,-46.81811777777778,Alta
8743,Nome da mina não informado,MG,ANTÔNIO DIAS,-19.545458333333336,-43.03093611111111,Média
8744,Nome da mina não informado,AP,MAZAGÃO,0.4016738888888889,-51.75780888888889,Alta
8747,Nome da mina não informado,SP,AGUAÍ,-21.996222222222222,-47.16858333333333,Média
8748,Nome da mina não informado,SP,AGUAÍ,-21.996166666666667,-47.16780555555555,Média
8751,Complexo Germano,MG,MARIANA,-20.194805555555554,-43.49308333333333,Baixa
8753,JACOBINA MINERAÇÃO E COMÉRCIO LTDA,BA,JACOBINA,-11.243638888888889,-40.52575,Média
8757,JACOBINA MINERACAO E COMERCIO LTDA,BA,JACOBINA,-11.23511111111111,-40.52908333333333,Baixa
8758,Nome da mina não informado,MG,BRUMADINHO,-20.11202777777778,-44.220194444444445,Média
8759,Unidade ITA4,SP,MOGI DAS CRUZES,-23.56563888888889,-46.27336111111111,Média
8765,Complexo Germano,MG,MARIANA,-20.2165,-43.46794444444445,Baixa
8771,Nome da mina não informado,AM,PRESIDENTE FIGUEIREDO,0.7895555555555556,-60.01302777777778,Média
8773,Nome da mina não informado,MG,BRUMADINHO,-20.115694444444447,-44.218361111111115,Baixa
8774,Mina de Pitinga,AM,PRESIDENTE FIGUEIREDO,0.7384238888888889,-60.075865,Baixa
8775,Mina de Pitinga,AM,PRESIDENTE FIGUEIREDO,0.7565758333333333,-60.08802888888889,Média
8776,Complexo Germano,MG,MARIANA,-20.23131944444444,-43.44181666666666,Baixa
8777,Nome da mina não informado,MG,BRUMADINHO,-20.110916666666668,-44.22408333333333,Média
8778,Mina de Pitinga,AM,PRESIDENTE FIGUEIREDO,0.7896666666666666,-60.14427777777778,Baixa
8779,Mina de Pitinga,AM,PRESIDENTE FIGUEIREDO,0.7857222222222222,-60.14191666666667,Baixa
8780,Nome da mina não informado,BA,BRUMADO,-14.097930555555557,-41.68920555555555,Média
8782,Ponto Verde,MG,ITABIRITO,-20.272875833333334,-43.89517083333333,Baixa
8786,Nome da mina não informado,MT,ROSÁRIO OESTE,-14.843541666666667,-56.56296388888889,Média
8817,Nome da mina não informado,SP,SOROCABA,-23.508972222222223,-47.39088888888889,Média
8818,Mina de Cajati,SP,CAJATI,-24.718744444444443,-48.095475,Baixa
8820,Nome da mina não informado,BA,MAIQUINIQUE,-15.777333333333335,-40.32233333333334,Alta
8821,Nome da mina não informado,BA,MAIQUINIQUE,-15.778333333333334,-40.31783333333334,Alta
8822,Nome da mina não informado,SC,SIDERÓPOLIS,-28.577277777777777,-49.44219444444444,Baixa
8823,Nome da mina não informado,SP,RIBEIRÃO BRANCO,-24.25375,-48.91597222222222,Alta
8826,Nome da mina não informado,PB,VÁRZEA,-6.807472222222222,-37.008,Média
8827,Nome da mina não informado,RO,CAMPO NOVO DE RONDÔNIA,-10.505,-63.620583333333336,Média
8828,Nome da mina não informado,RO,CAMPO NOVO DE RONDÔNIA,-10.512972222222222,-63.62127777777778,Média
8829,Nome da mina não informado,PA,SÃO FÉLIX DO XINGU,-6.110194444444444,-52.275277777777774,Média
8830,Nome da mina não informado,PA,SÃO FÉLIX DO XINGU,-6.075777777777778,-52.25519444444444,Média
8831,Nome da mina não informado,RO,CUJUBIM,-9.523333333333333,-62.90588888888889,Média
8832,Nome da mina não informado,RO,JARU,-10.822,-62.83394444444445,Média
8833,Nome da mina não informado,RO,MINISTRO ANDREAZZA,-11.158402777777779,-61.611675,Média
8834,Nome da mina não informado,RO,MINISTRO ANDREAZZA,-11.161902777777778,-61.614111111111114,Média
8835,Nome da mina não informado,RO,URUPÁ,-11.135416666666666,-62.437527777777774,Média
8836,Nome da mina não informado,MT,NOSSA SENHORA DO LIVRAMENTO,-15.872527777777778,-56.17219444444444,Média
8843,Ponto Verde,MG,ITABIRITO,-20.26875,-43.893277777777776,Baixa
8855,Nome da mina não informado,MT,NOSSA SENHORA DO LIVRAMENTO,-15.98753611111111,-56.313855555555556,Baixa
8860,Mina Santana Céu Aberto ,SC,URUSSANGA,-28.453611111111112,-49.37027777777778,Alta
8863,Mina de Viga,MG,JECEABA,-20.56261111111111,-43.95086111111112,Baixa
8870,Nome da mina não informado,MT,NOSSA SENHORA DO LIVRAMENTO,-15.95722222222222,-56.48128888888889,Média
8875,Mina Vazante,MG,VAZANTE,-17.972666666666665,-46.814499999999995,Baixa
8876,Mina de Vazante,MG,VAZANTE,-17.965,-46.844166666666666,Baixa
8877,Nome da mina não informado,MT,JUÍNA,-11.313396944444445,-59.086264722222225,Média
8879,SÃO BENTO,MT,POCONÉ,-16.260277777777777,-56.595555555555556,Alta
8880,CMOC Brasil - Fosfato Ouvidor ,GO,OUVIDOR,-18.162499999999998,-47.84541666666667,Baixa
8899,Bom Jardim,MG,MIRAÍ,-21.211575277777776,-42.714930833333334,Baixa
8901,Mercês,MG,MERCÊS,-21.13257527777778,-43.350344722222225,Baixa
8902,Serra da Tumba,MG,INHAÚMA,-19.582444444444445,-44.41141666666667,Média
8905,Unidade ITA3,SP,MOGI DAS CRUZES,-23.401277777777775,-46.20541666666667,Baixa
8907,Nome da mina não informado,BA,JAGUARARI,-9.835730555555557,-39.824488888888894,Baixa
8908,Nome da mina não informado,BA,JAGUARARI,-9.830308333333333,-39.82491666666667,Média
8909,Nome da mina não informado,MT,NOVA XAVANTINA,-14.640749999999999,-52.496944444444445,Baixa
8910,Nome da mina não informado,MT,NOVA XAVANTINA,-14.639193888888888,-52.501331944444445,Baixa
8911,Pau Branco,MG,NOVA LIMA,-20.15272222222222,-43.96544444444445,Baixa
8913,Pau Branco,MG,NOVA LIMA,-20.14975,-43.96458333333334,Baixa
8914,Nome da mina não informado,MT,NOVA XAVANTINA,-14.64029888888889,-52.50102388888889,Baixa
8915,Mina Pau Branco,MG,BRUMADINHO,-20.16186111111111,-44.00622222222222,Baixa
8921,Nome da mina não informado,SP,ITAPETININGA,-23.65908333333333,-48.00566666666667,Média
8922,Nome da mina não informado,SP,ITAPETININGA,-23.651527777777776,-47.99236111111111,Média
8925,Nome da mina não informado,SP,SALTO DE PIRAPORA,-23.62836111111111,-47.622,Baixa
8926,Nome da mina não informado,SP,SÃO PAULO,-23.420555555555556,-46.73605555555556,Baixa
8927,Nome da mina não informado,SP,SALTO DE PIRAPORA,-23.631555555555558,-47.621805555555554,Baixa
8929,Mina Serra do Sapo,MG,CONCEIÇÃO DO MATO DENTRO,-18.861383333333336,-43.40399722222222,Baixa
8930,Nome da mina não informado,MG,DIAMANTINA,-18.009055555555555,-43.76891666666666,Média
8931,Nome da mina não informado,MT,NOSSA SENHORA DO LIVRAMENTO,-16.18325,-56.41858333333333,Média
8934,Grupamento mineiro de Itapecerica,MG,ITAPECERICA,-20.444222222222223,-45.13352777777778,Baixa
8935,Grupamento mineiro de Itapecerica,MG,ITAPECERICA,-20.440055555555556,-45.132,Baixa
8936,Grupamento mineiro de Itapecerica,MG,ITAPECERICA,-20.43786111111111,-45.14841666666667,Baixa
8937,Grupamento mineiro de Salto da Divisa,MG,SALTO DA DIVISA,-16.207638888888887,-39.94694444444444,Baixa
8938,Grupamento mineiro de Pedra Azul,MG,PEDRA AZUL,-15.888833333333332,-41.06022222222222,Baixa
8939,Grupamento mineiro de Pedra Azul,MG,PEDRA AZUL,-15.918861111111111,-41.03905555555556,Baixa
8940,Mina Lagoa das Flores,MG,ITATIAIUÇU,-20.1387,-44.38018888888889,Baixa
8941,Mina Lagoa das Flores,MG,ITATIAIUÇU,-20.138424999999998,-44.38658611111111,Baixa
8942,Nome da mina não informado,MG,MATEUS LEME,-20.119794444444445,-44.38552222222222,Média
8943,Nome da mina não informado,MG,MATEUS LEME,-20.12368888888889,-44.37551666666667,Média
8944,Nome da mina não informado,MG,ITATIAIUÇU,-20.131516666666666,-44.375011111111114,Média
8945,Nome da mina não informado,MG,ITATIAIUÇU,-20.13359722222222,-44.37956944444444,Média
8946,Nome da mina não informado,MG,ITATIAIUÇU,-20.13189722222222,-44.37663888888889,Média
8947,Nome da mina não informado,MG,ITABIRITO,-20.378852777777777,-43.91670277777777,Baixa
8948,Unidade ITA5,SP,GUARAREMA,-23.392305555555556,-46.136361111111114,Média
8949,Nome da mina não informado,MT,POCONÉ,-16.250611111111112,-56.59913888888889,Média
8950,Unidade ITA5,SP,GUARAREMA,-23.389027777777777,-46.135333333333335,Baixa
8951,Nome da mina não informado,SP,ALAMBARI,-23.579560833333332,-47.82935472222223,Média
8953,Nome da mina não informado,MT,NOSSA SENHORA DO LIVRAMENTO,-15.774750000000001,-56.28572222222222,Alta
8954,Mina Serra do Sapo,MG,CONCEIÇÃO DO MATO DENTRO,-18.889722222222222,-43.405277777777776,Baixa
8955,Serra Azul ,MG,ITATIAIUÇU,-20.137583333333332,-44.396166666666666,Alta
8956,Estação de Bombeamento 2,MG,SANTO ANTÔNIO DO GRAMA,-20.344805555555553,-42.56188888888889,Baixa
8957,Nome da mina não informado,MG,ITATIAIUÇU,-20.138711944444445,-44.40083083333333,Baixa
8958,Nome da mina não informado,MG,ITATIAIUÇU,-20.138583333333333,-44.400749999999995,Média
8959,Nome da mina não informado,RJ,SÃO JOÃO DA BARRA,-21.83111111111111,-41.02055555555555,Média
8963,Nome da mina não informado,MG,BRUMADINHO,-20.1216,-44.31937222222223,Média
8972,Nome da mina não informado,MT,NOSSA SENHORA DO LIVRAMENTO,-15.895583333333333,-56.18538888888889,Média
8975,Nome da mina não informado,MT,NOSSA SENHORA DO LIVRAMENTO,-15.466513888888889,-56.46089583333334,Baixa
8976,Nome da mina não informado,MG,ITABIRITO,-20.377275,-43.91469722222222,Média
8977,Nome da mina não informado,MG,ITABIRITO,-20.37808888888889,-43.91542777777778,Média
8978,Nome da mina não informado,MG,ITABIRITO,-20.377702777777777,-43.91509444444444,Média
8980,Nome da mina não informado,MG,ITABIRITO,-20.3795,-43.916916666666665,Média
8981,Nome da mina não informado,MG,ITABIRITO,-20.37718611111111,-43.91268888888889,Média
8982,Mina São Vicente,MT,NOVA LACERDA,-14.53711111111111,-59.770244444444444,Baixa
8983,Nome da mina não informado,MG,ITABIRITO,-20.379427777777778,-43.91690277777778,Média
8984,Nome da mina não informado,MG,ITABIRITO,-20.380666666666666,-43.91750833333333,Média
8985,Nome da mina não informado,MG,ITABIRITO,-20.38071111111111,-43.91925833333333,Média
8988,Nome da mina não informado,AP,MAZAGÃO,0.37949999999999995,-51.72277777777778,Média
8990,Nome da mina não informado,PA,ITAITUBA,-6.325083333333333,-55.7845,Baixa
8993,Nome da mina não informado,AP,MAZAGÃO,0.3516111111111111,-51.83786111111112,Média
8995,Nome da mina não informado,PI,SÃO LOURENÇO DO PIAUÍ,-9.236055555555554,-42.57811111111111,Média
9000,Nome da mina não informado,MG,FORTALEZA DE MINAS,-20.89286111111111,-46.70527777777778,Alta
9001,Nome da mina não informado,MT,POCONÉ,-16.290750000000003,-56.71197222222222,Média
9005,Nome da mina não informado,MT,CUIABÁ,-15.560166666666667,-55.79266666666666,Média
9006,Nome da mina não informado,MT,NOVA SANTA HELENA,-10.686652777777779,-54.82438055555556,Média
9007,Nome da mina não informado,MT,NOSSA SENHORA DO LIVRAMENTO,-15.696527777777778,-56.33391666666667,Média
9008,Nome da mina não informado,MT,NOVA SANTA HELENA,-10.686322222222222,-54.82423888888889,Média
9011,Nome da mina não informado,TO,MONTE DO CARMO,-10.760492777777777,-48.08072555555556,Baixa
9012,Mineração Bom Futuro,MT,NOSSA SENHORA DO LIVRAMENTO,-15.659277777777778,-56.28508333333333,Média
9018,Nome da mina não informado,MT,NOSSA SENHORA DO LIVRAMENTO,-15.65463888888889,-56.38876388888889,Média
9019,Nome da mina não informado,AP,CALÇOENE,2.285833333333333,-51.63333333333333,Média
9020,Esrnesto,MT,PONTES E LACERDA,-15.347345833333334,-59.25678166666667,Baixa
9021,Nome da mina não informado,MG,RIACHO DOS MACHADOS,-16.0546,-43.11406388888889,Baixa
9022,Nome da mina não informado,MT,CUIABÁ,-15.56445277777778,-55.821783333333336,Média
9023,Nome da mina não informado,MT,NOSSA SENHORA DO LIVRAMENTO,-15.838883333333333,-56.18623888888889,Média
9026,Nome da mina não informado,SC,FORQUILHINHA,-28.738500000000002,-49.425888888888885,Média
9027,Nome da mina não informado,GO,PILAR DE GOIÁS,-14.810166666666667,-49.54066666666667,Alta
9029,Santa Bárbara,RO,ITAPUÃ DO OESTE,-9.198694444444445,-63.075138888888894,Média
9030,Santa Bárbara,RO,ITAPUÃ DO OESTE,-9.20436111111111,-63.08455555555556,Baixa
9031,Santa Bárbara,RO,ITAPUÃ DO OESTE,-9.205542777777778,-63.083620833333335,Baixa
9032,Santa Bárbara,RO,ITAPUÃ DO OESTE,-9.210861111111111,-63.08638888888889,Média
9034,MINERAÇÃO OURO BRANCO,SP,SALTO DE PIRAPORA,-23.662,-47.66663888888889,Alta
9037,Mina Miguel Burnier,MG,OURO PRETO,-20.423558333333336,-43.75310277777778,Baixa
9040,Nome da mina não informado,MG,ITABIRITO,-20.292908333333337,-43.938627777777775,Baixa
9042,Mina Miguel Burnier,MG,OURO PRETO,-20.454777777777778,-43.776944444444446,Baixa
9043,Nome da mina não informado,MG,ITABIRITO,-20.278388888888887,-43.930861111111106,Baixa
9044,Nome da mina não informado,MG,ITABIRITO,-20.282999999999998,-43.927277777777775,Baixa
9045,Mina Várzea do Lopes,MG,ITABIRITO,-20.301869444444446,-43.923024999999996,Baixa
9050,Mina Tucano,AP,PEDRA BRANCA DO AMAPARI,0.8722777777777777,-51.89593055555555,Baixa
9051,Mina Tucano,AP,PEDRA BRANCA DO AMAPARI,0.8531666666666667,-51.888194444444444,Baixa
9056,Unidade ITA10,SP,SANTA ISABEL,-23.355833333333333,-46.283166666666666,Baixa
9058,Unidade ITA10,SP,SANTA ISABEL,-23.35663888888889,-46.28494444444444,Alta
9059,Unidade ITA10,SP,SANTA ISABEL,-23.356805555555557,-46.275333333333336,Média
9060,Unidade ITA10,SP,SANTA ISABEL,-23.356055555555557,-46.27469444444444,Média
9062,Mina RCC,PA,BARCARENA,-1.5734438888888889,-48.75288277777778,Média
9063,Mina RCC,PA,BARCARENA,-1.5741666666666667,-48.7505,Média
9064,Mina RCC,PA,BARCARENA,-1.5730555555555557,-48.75555555555555,Média
9065,Mina RCC,PA,BARCARENA,-1.5706111111111112,-48.75702777777778,Baixa
9067,Mina RCC,PA,BARCARENA,-1.5809027777777778,-48.74978388888889,Baixa
9068,Mina RCC,PA,BARCARENA,-1.5813408333333334,-48.751307777777775,Baixa
9069,Mina RCC,PA,BARCARENA,-1.584,-48.748916666666666,Baixa
9070,Mina RCC,PA,BARCARENA,-1.5827777777777778,-48.747055555555555,Baixa
9073,Mina RCC,PA,BARCARENA,-1.5814269444444444,-48.745565,Baixa
9074,Mina PPSA,PA,IPIXUNA DO PARÁ,-2.8334722222222224,-47.908055555555556,Média
9075,Mina PPSA,PA,IPIXUNA DO PARÁ,-2.820583333333333,-47.90694444444444,Baixa
9077,Mina PPSA,PA,IPIXUNA DO PARÁ,-2.820631944444444,-47.893555,Média
9080,Nome da mina não informado,RO,VILHENA,-12.932583333333334,-60.34952777777778,Média
9081,Nome da mina não informado,RS,NOVA PETRÓPOLIS,-29.346666666666664,-51.19166666666666,Baixa
9083,Nome da mina não informado,RO,VILHENA,-12.95253611111111,-60.408249999999995,Média
9091,Nome da mina não informado,MG,BELA VISTA DE MINAS,-19.784722222222225,-43.192027777777774,Média
9092,Nome da mina não informado,MG,BELA VISTA DE MINAS,-19.78311111111111,-43.18311111111111,Média
9093,Nome da mina não informado,MG,BELA VISTA DE MINAS,-19.784972222222223,-43.180166666666665,Média
9094,Nome da mina não informado,MG,BELA VISTA DE MINAS,-19.777177777777776,-43.189425,Média
9095,Nome da mina não informado,MG,BELA VISTA DE MINAS,-19.77631472222222,-43.191047777777776,Média
9096,Nome da mina não informado,MG,BELA VISTA DE MINAS,-19.78609777777778,-43.17279694444444,Média
9097,Nome da mina não informado,MG,BELA VISTA DE MINAS,-19.783826944444446,-43.165212777777775,Média
9098,Tamanduá,MG,NOVA LIMA,-20.068666666666665,-43.93058333333333,Baixa
9099,Horizontes,MG,NOVA LIMA,-20.12988888888889,-43.92569444444444,Baixa
9100,Nome da mina não informado,MG,NOVA LIMA,-20.18186111111111,-43.867,Alta
9101,Horizontes,MG,NOVA LIMA,-20.12441666666667,-43.92522222222222,Baixa
9103,Nome da mina não informado,MG,NOVA LIMA,-20.15288888888889,-43.888416666666664,Baixa
9104,Abóboras,MG,NOVA LIMA,-20.155694444444443,-43.88711111111111,Baixa
9105,Horizontes,MG,NOVA LIMA,-20.11061527777778,-43.963614166666666,Baixa
9110,Nome da mina não informado,RO,RIO CRESPO,-9.622277777777779,-63.06086111111111,Média
9111,Nome da mina não informado,RO,VILHENA,-12.95975,-60.287638888888885,Média
9113,Nome da mina não informado,MG,ITATIAIUÇU,-20.148377777777778,-44.45998388888889,Baixa
9114,Nome da mina não informado,MG,ITAÚNA,-20.14776138888889,-44.46010305555556,Média
9120,Mina do Recreio,RS,BUTIÁ,-30.14566138888889,-52.00377527777778,Baixa
9121,Mina do Cerro,RS,CACHOEIRA DO SUL,-30.386201944444444,-53.043733055555556,Média
9122,Nome da mina não informado,MT,NOSSA SENHORA DO LIVRAMENTO,-16.139333333333333,-56.396,Média
9124,Nome da mina não informado,AP,CALÇOENE,2.321194444444444,-51.69058333333333,Média
9125,Nome da mina não informado,PA,PARAGOMINAS,-3.265273888888889,-47.753166666666665,Baixa
9127,Nome da mina não informado,PA,PARAGOMINAS,-3.275,-47.736333333333334,Baixa
9128,Nome da mina não informado,PA,PARAGOMINAS,-3.2594944444444445,-47.75816666666667,Baixa
9129,Nome da mina não informado,BA,ANDORINHA,-10.314166666666667,-39.76722222222222,Média
9130,Nome da mina não informado,BA,ANDORINHA,-10.314916666666667,-39.76583333333333,Média
9131,Nome da mina não informado,BA,ANDORINHA,-10.315555555555557,-39.76583333333333,Média
9134,Ferro + Mineração S. A.,MG,OURO PRETO,-20.425600000000003,-43.864691666666666,Baixa
9135,Nome da mina não informado,MG,CONGONHAS,-20.436508333333332,-43.87179166666667,Baixa
9136,Mina do Sossego,PA,CANAÃ DOS CARAJÁS,-6.429108888888889,-50.07015388888889,Baixa
9137,Nome da mina não informado,PA,CANAÃ DOS CARAJÁS,-6.408027777777778,-50.04416666666666,Baixa
9138,Nome da mina não informado,PA,CANAÃ DOS CARAJÁS,-6.405722222222223,-50.057111111111105,Baixa
9139,Nome da mina não informado,PA,CANAÃ DOS CARAJÁS,-6.402594722222222,-50.075408888888894,Baixa
9140,Nome da mina não informado,PA,CANAÃ DOS CARAJÁS,-6.411516944444445,-50.033252777777776,Baixa
9141,Nome da mina não informado,PA,CANAÃ DOS CARAJÁS,-6.405993888888889,-50.084200833333334,Baixa
9143,Nome da mina não informado,PA,CANAÃ DOS CARAJÁS,-6.433861111111112,-50.048361111111106,Baixa
9144,Descalvado,SP,DESCALVADO,-21.954739444444442,-47.61333722222222,Baixa
9145,Descalvado,SP,DESCALVADO,-21.951668333333334,-47.61306166666667,Baixa
9146,Analândia,SP,ANALÂNDIA,-22.15502083333333,-47.63945138888889,Média
9147,Nome da mina não informado,GO,ALTO HORIZONTE,-14.205833333333333,-49.406166666666664,Baixa
9148,Bom Futuro,RO,ARIQUEMES,-9.765406944444445,-63.52003083333333,Média
9149,Nome da mina não informado,RO,ARIQUEMES,-9.787805555555556,-63.57516666666667,Alta
9150,Nome da mina não informado,RO,ARIQUEMES,-9.7955,-63.56527777777777,Média
9151,Nome da mina não informado,RO,ARIQUEMES,-9.817,-63.55319444444444,Alta
9152,Nome da mina não informado,RO,ARIQUEMES,-9.76586111111111,-63.568583333333336,Média
9153,Nome da mina não informado,RO,VILHENA,-12.897444444444444,-60.42258333333333,Média
9154,Leão I,RS,MINAS DO LEÃO,-30.131027777777778,-52.051944444444445,Alta
9155,Nome da mina não informado,RO,VILHENA,-12.804852777777779,-60.364444444444445,Média
9156,Nome da mina não informado,GO,OUVIDOR,-18.152136944444443,-47.80566694444444,Baixa
9157,Nome da mina não informado,GO,OUVIDOR,-18.148055555555555,-47.80305555555555,Baixa
9158,Nome da mina não informado,GO,OUVIDOR,-18.141666666666666,-47.811388888888885,Baixa
9164,Nome da mina não informado,MS,CORUMBÁ,-19.19184027777778,-57.61378138888889,Média
9168,Mina Santa Cruz,MS,CORUMBÁ,-19.224446666666665,-57.559979166666665,Baixa
9170,Nome da mina não informado,RO,ITAPUÃ DO OESTE,-9.431805555555554,-63.055527777777776,Média
9171,Nome da mina não informado,RO,ITAPUÃ DO OESTE,-9.43163888888889,-63.055527777777776,Média
9172,Nome da mina não informado,RO,ITAPUÃ DO OESTE,-9.42386111111111,-63.047888888888885,Média
9173,Nome da mina não informado,MT,RIO BRANCO,-15.396194444444443,-58.14525,Baixa
9181,Mina de Monjolinho,MS,CORUMBÁ,-19.26527777777778,-57.52661111111111,Baixa
9183,Mina de Monjolinho,MS,CORUMBÁ,-19.262694444444445,-57.527055555555556,Baixa
9186,Mina Lais,MS,CORUMBÁ,-19.205527777777778,-57.635305555555554,Alta
9187,Nome da mina não informado,BA,BARROCAS,-11.449666666666667,-39.089666666666666,Baixa
9188,Nome da mina não informado,BA,BARROCAS,-11.447133888888889,-39.071195833333334,Baixa
9189,Nome da mina não informado,BA,BARROCAS,-11.448055555555555,-39.09805555555556,Baixa
9197,Nome da mina não informado,PA,PARAGOMINAS,-3.2648444444444444,-47.72116666666667,Baixa
9212,Nome da mina não informado,GO,SÃO LUÍS DE MONTES BELOS,-16.39388888888889,-50.38366666666666,Média
9214,Nome da mina não informado,SP,MOGI DAS CRUZES,-23.404444444444444,-46.19847222222222,Média
9216,UNIDADE MINERADORA DE LAGAMAR (UML),MG,LAGAMAR,-18.27986111111111,-46.86211111111111,Baixa
9218,DIBASE HORTOLANDIA,SP,HORTOLÂNDIA,-22.852100833333335,-47.23936277777778,Média
9219,Unidade ITA13,SP,BOFETE,-23.177833333333336,-48.34466666666667,Baixa
9220,Unidade ITA13,SP,BOFETE,-23.17813888888889,-48.34652777777778,Média
9226,Nome da mina não informado,SP,CARAGUATATUBA,-23.659,-45.52066666666666,Média
9227,Nome da mina não informado,BA,CAMPO FORMOSO,-10.54561111111111,-40.42519444444444,Baixa
9228,Mina Pedrinhas,BA,CAMPO FORMOSO,-10.545,-40.41455555555555,Baixa
9229,Nome da mina não informado,MA,CODÓ,-4.523583333333333,-44.01602777777778,Média
9233,Nome da mina não informado,SP,CAPIVARI,-23.00825777777778,-47.48237972222223,Média
9235,Nome da mina não informado,BA,JAGUARARI,-9.861611111111111,-39.873083333333334,Média
9236,Nome da mina não informado,BA,JAGUARARI,-9.85286111111111,-39.868138888888886,Baixa
9237,Nome da mina não informado,SP,SÃO PAULO,-23.785111111111114,-46.696777777777775,Média
9238,Nome da mina não informado,SP,SÃO PAULO,-23.782916666666665,-46.69880555555555,Média
9239,Nome da mina não informado,SP,SÃO SIMÃO,-21.432786111111113,-47.61324166666667,Baixa
9240,Nome da mina não informado,SP,MOGI DAS CRUZES,-23.411944444444444,-46.21188888888889,Média
9242,Nome da mina não informado,SP,MOGI DAS CRUZES,-23.41685,-46.21273888888889,Baixa
9244,Nome da mina não informado,SP,BOFETE,-23.120833333333334,-48.2265,Média
9246,Nome da mina não informado,MT,CUIABÁ,-15.558333333333334,-55.802905555555554,Média
9248,Mato Preto 2,PR,CERRO AZUL,-24.747997222222224,-49.19470277777778,Média
9249,Mato Preto !,PR,CERRO AZUL,-24.748508333333334,-49.187797222222216,Média
9250,São Francisco,MT,VILA BELA DA SANTÍSSIMA TRINDADE,-14.852415833333334,-59.654468611111106,Baixa
9251,São Francisco,MT,VILA BELA DA SANTÍSSIMA TRINDADE,-14.835988055555557,-59.66909111111111,Baixa
9252,Nome da mina não informado,GO,SÃO LUÍS DE MONTES BELOS,-16.39713888888889,-50.38341666666667,Média
9258,Mina Santa Felicidade,MT,NOSSA SENHORA DO LIVRAMENTO,-15.663845833333333,-56.35261388888889,Baixa
9259,Nome da mina não informado,MT,NOSSA SENHORA DO LIVRAMENTO,-15.656355833333334,-56.33784083333334,Média
9261,Nome da mina não informado,MG,BRUMADINHO,-20.126694444444446,-44.31613888888889,Média
9262,Nome da mina não informado,MT,NOSSA SENHORA DO LIVRAMENTO,-16.184255555555556,-56.43501111111111,Média
9263,CMISS,MG,SERRA DO SALITRE,-19.047833333333337,-46.724000000000004,Baixa
9266,Nome da mina não informado,MG,PARACATU,-17.496333333333336,-46.81883333333334,Baixa
9267,Nome da mina não informado,MG,PARACATU,-17.510666666666665,-46.82833333333333,Baixa
9268,Nome da mina não informado,MG,PARACATU,-17.513333333333332,-46.82833333333333,Baixa
9269,Nome da mina não informado,MG,MIRAÍ,-21.06215472222222,-42.563762777777775,Baixa
9270,Nome da mina não informado,MG,ITAMARATI DE MINAS,-21.455224722222223,-42.87165888888889,Baixa
9272,Nome da mina não informado,MS,CORUMBÁ,-19.190809444444444,-57.6166975,Média
9273,Nome da mina não informado,PA,JURUTI,-2.505,-56.175777777777775,Baixa
9274,Nome da mina não informado,PA,JURUTI,-2.5006944444444446,-56.166805555555555,Baixa
9275,Mina de Bauxita da Alcoa Juruti,PA,JURUTI,-2.496611111111111,-56.17380555555555,Baixa
9276,Nome da mina não informado,PA,JURUTI,-2.495888888888889,-56.18801111111111,Baixa
9277,Nome da mina não informado,RO,ARIQUEMES,-9.792790833333333,-63.55968583333333,Média
9278,Nome da mina não informado,MG,MARIANA,-20.24127777777778,-43.41088694444444,Baixa
9279,Nome da mina não informado,MG,MARIANA,-20.235874722222224,-43.42299194444444,Baixa
9280,Nome da mina não informado,MG,MATIPÓ,-20.371955833333335,-42.35480777777778,Baixa
9281,Nome da mina não informado,MG,MARIANA,-20.17090388888889,-43.49808888888889,Média
9282,Nome da mina não informado,MG,MARIANA,-20.16991,-43.49610583333333,Média
9286,Complexo de Germano,MG,MARIANA,-20.210477777777776,-43.46011388888889,Baixa
9287,Nome da mina não informado,PA,ITAITUBA,-6.325094444444444,-55.78635555555555,Baixa
9288,Analândia,SP,ANALÂNDIA,-22.156957499999997,-47.64279138888889,Baixa
9289,Nome da mina não informado,PA,ORIXIMINÁ,-1.6877777777777778,-56.472500000000004,Baixa
9291,Nome da mina não informado,MG,BETIM,-19.864936111111113,-44.09308444444445,Baixa
9292,Nome da mina não informado,MG,BETIM,-19.875955555555556,-44.10049166666667,Baixa
9295,Nome da mina não informado,MG,ITUTINGA,-21.30823888888889,-44.66088333333333,Média
9296,Nome da mina não informado,MG,SABARÁ,-19.821413888888888,-43.71707777777778,Média
9297,Nome da mina não informado,MG,SABARÁ,-19.815466666666666,-43.71013611111111,Média
9298,Nome da mina não informado,MG,ITUTINGA,-21.30823611111111,-44.661830555555554,Média
9299,Nome da mina não informado,MG,ITUTINGA,-21.308733333333333,-44.66203888888889,Média
9301,Nome da mina não informado,MG,ITAÚNA,-20.14667222222222,-44.45438611111111,Baixa
9302,Nome da mina não informado,MG,ITAÚNA,-20.146855555555554,-44.45146388888889,Média
9304,Nome da mina não informado,MG,ITABIRITO,-20.28597388888889,-43.898487777777774,Baixa
9305,Nome da mina não informado,MG,CATAS ALTAS,-20.027475,-43.42413888888888,Média
9306,Nome da mina não informado,MG,BRUMADINHO,-20.129869444444445,-44.10256388888889,Baixa
9307,Nome da mina não informado,MG,BRUMADINHO,-20.123088055555556,-44.10646972222222,Baixa
9317,Nome da mina não informado,MG,BRUMADINHO,-20.119805555555555,-44.307472222222216,Baixa
9319,Nome da mina não informado,MG,IGARAPÉ,-20.103527777777778,-44.28819444444444,Baixa
9320,Nome da mina não informado,MG,IGARAPÉ,-20.110430555555556,-44.28667222222222,Média
9321,Nome da mina não informado,MG,BRUMADINHO,-20.1159,-44.29810277777778,Média
9324,Nome da mina não informado,PA,JURUTI,-2.4866944444444443,-56.17813888888889,Baixa
9326,Mina Manganês do Azul,PA,PARAUAPEBAS,-6.107236111111111,-50.31803583333334,Baixa
9327,Nome da mina não informado,BA,JAGUARARI,-9.852825,-39.862296666666666,Baixa
9328,Nome da mina não informado,BA,JAGUARARI,-9.855442499999999,-39.86398722222222,Baixa
9329,Nome da mina não informado,BA,JAGUARARI,-9.854245833333334,-39.86653583333334,Baixa
9330,Nome da mina não informado,BA,JAGUARARI,-9.855460833333334,-39.86725583333333,Baixa
9331,Nome da mina não informado,BA,JAGUARARI,-9.852129999999999,-39.86334388888889,Baixa
9332,Nome da mina não informado,BA,JAGUARARI,-9.852319444444444,-39.86494416666667,Baixa
9333,Nome da mina não informado,BA,JAGUARARI,-9.855352777777778,-39.86511083333333,Baixa
9334,Nome da mina não informado,BA,JAGUARARI,-9.857335555555554,-39.86335972222222,Baixa
9335,Nome da mina não informado,BA,JAGUARARI,-9.855806944444444,-39.862769722222225,Baixa
9337,Nome da mina não informado,BA,JAGUARARI,-9.879488333333335,-39.86517,Baixa
9338,Nome da mina não informado,BA,JAGUARARI,-9.878524444444444,-39.867335555555556,Baixa
9339,Nome da mina não informado,BA,JAGUARARI,-9.880159166666667,-39.864240555555554,Baixa
9340,Nome da mina não informado,BA,JAGUARARI,-9.876593611111112,-39.86836138888889,Baixa
9341,Nome da mina não informado,BA,JAGUARARI,-9.879429444444446,-39.868542222222224,Baixa
9342,Nome da mina não informado,BA,JAGUARARI,-9.874403333333333,-39.868227777777776,Baixa
9343,Nome da mina não informado,BA,JAGUARARI,-9.8778725,-39.86605194444444,Baixa
9344,Nome da mina não informado,BA,JAGUARARI,-9.875388888888889,-39.86942694444444,Baixa
9345,Nome da mina não informado,BA,JAGUARARI,-9.87485888888889,-39.87146194444445,Baixa
9346,Nome da mina não informado,BA,JAGUARARI,-9.87446388888889,-39.87223888888889,Baixa
9348,Nome da mina não informado,MG,LAGAMAR,-18.282231944444444,-46.86132583333333,Baixa
9351,Mina Lais,MS,CORUMBÁ,-19.20035083333333,-57.63943888888889,Média
9352,Mina de Piçarrão (desativada),MG,NOVA ERA,-19.60171388888889,-43.029916666666665,Média
9353,Mina Capão do Lana,MG,OURO PRETO,-20.447408333333332,-43.64382222222222,Alta
9355,Mina de Buritirama,PA,MARABÁ,-5.5125,-50.222500000000004,Alta
9357,Mina Volta Grande,MG,SÃO TIAGO,-21.072666666666667,-44.588483333333336,Baixa
9358,Nome da mina não informado,PA,CURIONÓPOLIS,-6.2479941666666665,-49.74656638888889,Baixa
9359,Nome da mina não informado,PA,CURIONÓPOLIS,-6.244965277777778,-49.74466388888889,Baixa
9360,Nome da mina não informado,MG,ARAXÁ,-19.67342777777778,-46.97199888888889,Baixa
9361,Nome da mina não informado,PA,PARAUAPEBAS,-6.48525,-51.07752777777778,Baixa
9363,MINA VAU NOVO,SP,SANTANA DE PARNAÍBA,-23.400988888888886,-46.91824722222222,Baixa
9364,Nome da mina não informado,SP,DESCALVADO,-21.956799999999998,-47.621859722222226,Média
9369,Mina do Barreiro,MG,ARAXÁ,-19.611005833333333,-47.01284777777778,Baixa
9370,Mina de Catalão,GO,OUVIDOR,-18.150840833333334,-47.781976666666665,Baixa
9371,Mina de Catalão,GO,OUVIDOR,-18.151942499999997,-47.783003888888885,Baixa
9372,Mina de Catalão,GO,OUVIDOR,-18.138795277777778,-47.78213638888889,Baixa
9374,Nome da mina não informado,SP,LEME,-22.18888888888889,-47.456944444444446,Baixa
9376,Garimpo do Serginho,MT,NOSSA SENHORA DO LIVRAMENTO,-15.921744444444444,-56.16320555555556,Alta
9378,Nome da mina não informado,SP,IBIÚNA,-23.788194444444446,-47.1215,Alta
9383,Campbell,BA,MARACÁS,-13.68993611111111,-40.69147222222222,Baixa
9386,MINA ALEGRIA,MG,MARIANA,-20.17795611111111,-43.49758305555556,Baixa
9390,Nome da mina não informado,MG,PATROCÍNIO,-18.98670888888889,-46.79969972222222,Baixa
9393,Geominas minerações ltda,TO,NATIVIDADE,-11.647416666666667,-47.67673333333333,Baixa
9400,Nome da mina não informado,MT,POCONÉ,-16.31250277777778,-56.65228611111111,Alta
9401,Nome da mina não informado,MT,POCONÉ,-16.247797222222225,-56.595800000000004,Baixa
9404,Galinheiro,MG,ITABIRITO,-20.197243055555557,-43.87911916666667,Baixa
9405,Galinheiro,MG,ITABIRITO,-20.21129138888889,-43.88174638888889,Baixa
9406,Geominas Minerações Ltda,TO,NATIVIDADE,-11.649327777777778,-47.676177777777774,Baixa
9407,Geominas Minerações Ltda,TO,NATIVIDADE,-11.650002777777779,-47.67500277777778,Baixa
9412,Nome da mina não informado,SP,IBIÚNA,-23.78541666666667,-47.11944444444445,Média
9414,Nome da mina não informado,MT,NOSSA SENHORA DO LIVRAMENTO,-16.189936111111113,-56.412483333333334,Média
9417,Nome da mina não informado,PA,ITAITUBA,-6.788890555555556,-56.608110833333335,Média
9420,Nome da mina não informado,MT,NOSSA SENHORA DO LIVRAMENTO,-15.874624722222222,-56.16656583333333,Média
9423,Nome da mina não informado,MT,POCONÉ,-16.239061111111113,-56.65260277777778,Baixa
9425,Nome da mina não informado,MT,POCONÉ,-16.30513611111111,-56.72061055555556,Média
9426,Nome da mina não informado,MT,POCONÉ,-16.297844444444447,-56.71169722222223,Baixa
9427,Nome da mina não informado,MT,POCONÉ,-16.30016388888889,-56.73295,Baixa
9428,Esperança,MT,POCONÉ,-16.24553611111111,-56.58928055555556,Média
9430,Nome da mina não informado,MG,ANTÔNIO DIAS,-19.549972222222223,-43.02225,Média
9431,Nome da mina não informado,MG,ANTÔNIO DIAS,-19.547583333333336,-43.02152777777778,Média
9432,Nome da mina não informado,TO,NATIVIDADE,-11.588944444444445,-47.88317222222222,Média
9433,Mina Serra do Sapo,MG,CONCEIÇÃO DO MATO DENTRO,-18.92082888888889,-43.406573055555555,Baixa
9434,Mina Serra do Sapo,MG,CONCEIÇÃO DO MATO DENTRO,-18.93166666666667,-43.401666666666664,Baixa
9437,Mina do Pico,MG,ITABIRITO,-20.22086,-43.90835611111111,Baixa
9439,Nome da mina não informado,RS,CAÇAPAVA DO SUL,-30.919777777777778,-53.41804166666667,Alta
9440,Nome da mina não informado,BA,JAGUARARI,-9.876943888888889,-39.870152777777776,Baixa
9441,Nome da mina não informado,BA,JAGUARARI,-9.878210000000001,-39.870066944444446,Baixa
9442,Nome da mina não informado,BA,JAGUARARI,-9.879062777777778,-39.871405833333334,Baixa
9446,Nome da mina não informado,MG,SÃO GONÇALO DO RIO ABAIXO,-19.891527777777778,-43.28552777777777,Baixa
9447,Nome da mina não informado,MG,SÃO GONÇALO DO RIO ABAIXO,-19.89211111111111,-43.28472222222222,Baixa
9449,Nome da mina não informado,BA,JAGUARARI,-9.852604722222221,-39.86609694444444,Baixa
9450,Nome da mina não informado,BA,JAGUARARI,-9.854325277777777,-39.863365,Baixa
9451,Nome da mina não informado,BA,JAGUARARI,-9.853708333333334,-39.86383333333333,Média
9452,Nome da mina não informado,BA,JAGUARARI,-9.85637111111111,-39.864937222222224,Baixa
9453,Nome da mina não informado,BA,JAGUARARI,-9.879133333333334,-39.863936111111116,Média
9454,Nome da mina não informado,BA,JAGUARARI,-9.875987777777778,-39.87161861111111,Média
9455,Nome da mina não informado,BA,JAGUARARI,-9.874896944444444,-39.864965833333336,Baixa
9457,Nome da mina não informado,PA,ORIXIMINÁ,-1.6808733333333332,-56.46892888888889,Baixa
9459,Nome da mina não informado,MT,NOSSA SENHORA DO LIVRAMENTO,-15.650278333333334,-56.38702222222222,Média
9460,Nome da mina não informado,MT,NOSSA SENHORA DO LIVRAMENTO,-15.654633333333333,-56.38585,Média
9461,Mina Santa Felicidade,MT,NOSSA SENHORA DO LIVRAMENTO,-15.659775,-56.354036111111114,Média
9462,Garimpo Santa Maria,MT,NOSSA SENHORA DO LIVRAMENTO,-15.647963888888889,-56.38133888888889,Alta
9464,Mina de Bauxita da Alcoa Juruti,PA,JURUTI,-2.48625,-56.196,Baixa
9465,Nome da mina não informado,BA,JAGUARARI,-9.878252777777778,-39.87231083333334,Baixa
9468,Serra da Tumba,MG,INHAÚMA,-19.582597222222223,-44.409930555555555,Baixa
9470,Nome da mina não informado,MT,POCONÉ,-16.034502777777778,-56.53353055555555,Baixa
9471,Nome da mina não informado,GO,OUVIDOR,-18.144444444444446,-47.80611111111111,Baixa
9474,Torto,MG,BARÃO DE COCAIS,-19.851347222222223,-43.41376944444444,Baixa
9477,Nome da mina não informado,MG,ARAXÁ,-19.653326944444444,-46.95619777777778,Baixa
9480,Nome da mina não informado,RO,ITAPUÃ DO OESTE,-9.458055555555555,-63.051944444444445,Baixa
9481,Nome da mina não informado,RO,ITAPUÃ DO OESTE,-9.437208333333334,-63.05777777777777,Baixa
9482,Nome da mina não informado,RO,ITAPUÃ DO OESTE,-9.464166666666666,-63.074444444444445,Baixa
9483,Nome da mina não informado,RO,ITAPUÃ DO OESTE,-9.461388888888887,-63.07555555555556,Baixa
9492,Nome da mina não informado,MT,NOSSA SENHORA DO LIVRAMENTO,-15.81140277777778,-56.39019166666667,Baixa
9493,Nome da mina não informado,MT,POCONÉ,-16.30852777777778,-56.74935277777778,Média
9494,Nome da mina não informado,BA,JAGUARARI,-9.85697,-39.86570777777778,Baixa
9496,Nome da mina não informado,BA,JAGUARARI,-9.880455555555557,-39.86716972222222,Baixa
9497,Nome da mina não informado,BA,JAGUARARI,-9.877543888888889,-39.867874444444446,Baixa
9498,Nome da mina não informado,BA,JAGUARARI,-9.879863333333335,-39.8662025,Baixa
9499,Nome da mina não informado,MT,POCONÉ,-16.06636111111111,-56.563963888888885,Média
9500,Nome da mina não informado,MG,OURO PRETO,-20.193141666666666,-43.5085,Baixa
9505,Mina de Bauxita da Alcoa Juruti,PA,JURUTI,-2.4869444444444446,-56.17305555555555,Baixa
9506,Nome da mina não informado,BA,JAGUARARI,-9.853885555555555,-39.862412222222225,Baixa
9512,Nome da mina não informado,BA,JAGUARARI,-9.873844722222223,-39.87090194444445,Baixa
9513,Nome da mina não informado,BA,JAGUARARI,-9.873000000000001,-39.87114722222222,Baixa
9514,Nome da mina não informado,BA,JAGUARARI,-9.872777777777777,-39.87176388888889,Baixa
9532,Água Limpa,MG,RIO PIRACICABA,-19.92690277777778,-43.21273333333334,Baixa
9533,Água Limpa,MG,SANTA BÁRBARA,-19.948166666666665,-43.22203888888889,Baixa
9534,MINA ALEGRIA,MG,MARIANA,-20.166339444444443,-43.48429138888889,Alta
9535,Nome da mina não informado,SP,ITAPETININGA,-23.66244,-48.001398888888886,Baixa
9537,Mina do Brumado,MG,SABARÁ,-19.818766666666665,-43.69519722222222,Média
9540,Nome da mina não informado,RO,MACHADINHO D'OESTE,-9.583333333333334,-62.39611111111111,Baixa
9545,Nome da mina não informado,PA,ORIXIMINÁ,-1.6694027777777776,-56.49225833333333,Baixa
9547,Nome da mina não informado,MT,NOSSA SENHORA DO LIVRAMENTO,-15.664294444444446,-56.35454722222222,Baixa
9548,Mina Santa Felicidade,MT,NOSSA SENHORA DO LIVRAMENTO,-15.661886111111112,-56.34405277777778,Média
9551,Berion,MT,PONTES E LACERDA,-15.132683333333334,-59.371611111111115,Média
9552,Helvio,MT,PONTES E LACERDA,-15.13543611111111,-59.376958333333334,Média
9553,Helvio,MT,PONTES E LACERDA,-15.135091666666666,-59.37916111111111,Média
9559,Nome da mina não informado,MT,NOSSA SENHORA DO LIVRAMENTO,-15.960463888888889,-56.47827222222222,Baixa
9560,Nome da mina não informado,MT,NOSSA SENHORA DO LIVRAMENTO,-15.923845833333333,-56.16356472222222,Média
9561,Nome da mina não informado,MT,PONTES E LACERDA,-15.181433333333333,-59.34515277777778,Alta
9564,Mina Fontanella,SC,TREVISO,-28.48306111111111,-49.451122222222224,Baixa
9565,Mina Fontanella,SC,TREVISO,-28.482441666666666,-49.45132777777778,Baixa
9575,Mina Santa Felicidade,MT,CUIABÁ,-15.664919444444445,-56.35050277777778,Média
9576,ESTÂNCIA SESMARIA,MT,NOSSA SENHORA DO LIVRAMENTO,-15.692475,-56.36550027777778,Alta
9578,Nome da mina não informado,MT,NOVA SANTA HELENA,-10.802486111111111,-55.18615555555555,Baixa
9581,Nome da mina não informado,SC,LAURO MÜLLER,-28.408819444444443,-49.42847777777777,Baixa
9582,Nome da mina não informado,SC,URUSSANGA,-28.456441666666667,-49.37055,Baixa
9585,Nome da mina não informado,MT,NOSSA SENHORA DO LIVRAMENTO,-15.905418888888889,-56.20308194444445,Baixa
9586,Nome da mina não informado,MT,NOVA SANTA HELENA,-10.802486111111111,-55.18615555555555,Baixa
9605,Mina Tucano,AP,PEDRA BRANCA DO AMAPARI,0.875675,-51.887058333333336,Baixa
9611,Nome da mina não informado,MT,NOSSA SENHORA DO LIVRAMENTO,-15.863437777777778,-56.224936944444444,Média
9624,Mina Moriá,MT,POCONÉ,-16.30282777777778,-56.6281975,Baixa
9626,Nome da mina não informado,MT,ROSÁRIO OESTE,-14.879138888888889,-56.57302777777778,Baixa
9629,Mina de Águas Claras,MG,NOVA LIMA,-19.96,-43.882777777777775,Alta
9630,Mina de Águas Claras,MG,NOVA LIMA,-19.965555555555554,-43.88527777777778,Alta
9631,Nome da mina não informado,MG,NOVA LIMA,-20.147178888888888,-43.885752777777775,Média
9632,Nome da mina não informado,MG,OURO PRETO,-20.412253888888888,-43.87885194444444,Média
9633,Nome da mina não informado,MG,CATAS ALTAS,-20.090833333333332,-43.41583333333333,Média
9634,Nome da mina não informado,MG,CATAS ALTAS,-20.091666666666665,-43.41611111111111,Média
9637,Nome da mina não informado,MG,CATAS ALTAS,-20.098055555555554,-43.41416666666667,Média
9639,Nome da mina não informado,MT,PARANAÍTA,-9.379680555555556,-56.56444444444444,Baixa
9640,Mina de Bauxita da Alcoa Juruti,PA,JURUTI,-2.484027777777778,-56.20183333333333,Baixa
9644,Mina Brasão,MT,NOSSA SENHORA DO LIVRAMENTO,-16.058772222222224,-56.35288333333334,Alta
9648,Nome da mina não informado,MT,PONTES E LACERDA,-15.13238888888889,-59.37752777777778,Média
9649,Nome da mina não informado,RO,RIO CRESPO,-9.586308333333333,-62.86429166666667,Média
9650,Nome da mina não informado,PA,CURIONÓPOLIS,-6.086646944444444,-49.65229083333333,Baixa
9651,Nome da mina não informado,MT,POCONÉ,-16.273075,-56.696216666666665,Média
9655,Nome da mina não informado,BA,JAGUARARI,-9.851265,-39.86499777777778,Baixa
9656,Nome da mina não informado,BA,JAGUARARI,-9.851531944444444,-39.863911944444446,Baixa
9659,Nome da mina não informado,BA,JAGUARARI,-9.880839722222223,-39.87318277777778,Baixa
9660,Mina Serrote,AL,CRAÍBAS,-9.67225,-36.77325,Baixa
9661,Mina Totonho,MG,SÃO TIAGO,-21.08393611111111,-44.57685166666667,Baixa
9662,Nome da mina não informado,MT,NOSSA SENHORA DO LIVRAMENTO,-16.16332222222222,-56.41588611111111,Média
9663,Nome da mina não informado,MT,NOSSA SENHORA DO LIVRAMENTO,-16.165869444444443,-56.42450833333333,Média
9664,Nome da mina não informado,MT,POCONÉ,-16.255325,-56.607083333333335,Média
9667,MINA NORMA ,MT,POCONÉ,-16.28215833333333,-56.617225,Alta
9670,Nome da mina não informado,MT,NOSSA SENHORA DO LIVRAMENTO,-15.948016666666668,-56.276919722222225,Alta
9676,Nome da mina não informado,MT,ARIPUANÃ,-10.121219444444446,-59.47254166666667,Média
9678,Nome da mina não informado,MG,SARZEDO,-20.08026111111111,-44.11294166666667,Baixa
9679,Esperança,MT,POCONÉ,-16.246430555555555,-56.58774722222223,Média
9680,Nome da mina não informado,MT,POCONÉ,-16.27356111111111,-56.77613888888889,Média
9684,Nome da mina não informado,MT,POCONÉ,-16.279689166666667,-56.64747611111111,Alta
9686,Nome da mina não informado,RO,RIO CRESPO,-9.619663888888889,-63.06617222222222,Média
9687,Nome da mina não informado,MT,PARANAÍTA,-9.523130555555557,-56.48665416666667,Baixa
9692,Nome da mina não informado,RO,ARIQUEMES,-9.946125833333333,-63.33021305555556,Média
9693,Nome da mina não informado,MT,PONTES E LACERDA,-15.139533333333333,-59.35851666666667,Média
9705,Nome da mina não informado,MT,NOSSA SENHORA DO LIVRAMENTO,-15.955027777777778,-56.27562222222222,Média
9706,Nome da mina não informado,MT,NOSSA SENHORA DO LIVRAMENTO,-15.756005555555555,-56.166263888888885,Média
9707,Nome da mina não informado,MT,NOSSA SENHORA DO LIVRAMENTO,-15.75995,-56.16990833333333,Média
9709,Nome da mina não informado,MT,NOSSA SENHORA DO LIVRAMENTO,-15.945458333333333,-56.188719444444445,Baixa
9711,Nome da mina não informado,AP,CALÇOENE,2.278611111111111,-51.65066111111111,Média
9717,Nome da mina não informado,MT,VILA BELA DA SANTÍSSIMA TRINDADE,-14.694328888888888,-59.72912027777778,Baixa
9728,Nome da mina não informado,MT,NOSSA SENHORA DO LIVRAMENTO,-15.465573611111111,-56.45760666666667,Baixa
9730,Nome da mina não informado,MT,POCONÉ,-16.255458333333333,-56.671299999999995,Média
9731,Nome da mina não informado,MT,POCONÉ,-16.25663611111111,-56.66959166666666,Média
9732,Nome da mina não informado,MT,NOSSA SENHORA DO LIVRAMENTO,-15.969600833333333,-56.2865375,Baixa
9733,Nome da mina não informado,MT,NOSSA SENHORA DO LIVRAMENTO,-15.937664722222223,-56.291803888888886,Alta
9741,Mina RCC,PA,BARCARENA,-1.5802777777777777,-48.74761111111111,Baixa
9747,Nome da mina não informado,MT,NOSSA SENHORA DO LIVRAMENTO,-15.766986111111112,-56.23110555555556,Média
9750,Nome da mina não informado,MT,POCONÉ,-16.08167222222222,-56.55501972222222,Média
9752,Nome da mina não informado,MT,NOSSA SENHORA DO LIVRAMENTO,-15.762616666666666,-56.26496111111111,Baixa
9765,Mina de Buritirama,PA,MARABÁ,-5.509079722222222,-50.23345194444445,Alta
9772,Nome da mina não informado,MT,NOSSA SENHORA DO LIVRAMENTO,-15.925567222222222,-56.356392222222226,Baixa
9773,Nome da mina não informado,MT,CUIABÁ,-15.534016666666666,-56.05063611111111,Média
9775,Nome da mina não informado,MT,JUÍNA,-11.463339166666666,-58.938520277777776,Média
9776,Nome da mina não informado,MT,NOSSA SENHORA DO LIVRAMENTO,-15.919330555555556,-56.490883333333336,Baixa
9780,Mina de Buritirama,PA,MARABÁ,-5.5135861111111115,-50.235533333333336,Alta
9782,Nome da mina não informado,BA,JAGUARARI,-9.875618888888889,-39.87270083333333,Baixa
9783,Nome da mina não informado,MT,CUIABÁ,-15.510619444444444,-56.04776944444444,Baixa
9784,SÃO BENTO,MT,POCONÉ,-16.25861111111111,-56.59638888888889,Alta
9785,Nome da mina não informado,MT,NOSSA SENHORA DO LIVRAMENTO,-15.683756944444445,-56.30414888888889,Média
9793,Nome da mina não informado,MT,NOSSA SENHORA DO LIVRAMENTO,-16.005858333333332,-56.22924444444445,Média
9799,Mina de Fabrica ,MG,OURO PRETO,-20.402205555555554,-43.85186388888889,Baixa
9800,Mina do Queias,MG,BRUMADINHO,-20.126991944444445,-44.31611083333333,Alta
9801,Nome da mina não informado,TO,ALMAS,-11.4464,-47.19303333333333,Baixa
9803,Nome da mina não informado,MT,NOSSA SENHORA DO LIVRAMENTO,-15.63903611111111,-56.340294444444446,Baixa
9806,Nome da mina não informado,MT,NOSSA SENHORA DO LIVRAMENTO,-15.676077777777778,-56.36579444444445,Baixa
9807,Nome da mina não informado,MT,NOSSA SENHORA DO LIVRAMENTO,-15.902691666666668,-56.20735277777778,Média
9810,Água Branca ,PA,ITAITUBA,-6.368191666666666,-56.268391666666666,Alta
9811,Nome da mina não informado,PA,ITAITUBA,-6.366119444444444,-56.26777777777777,Alta
9814,Água Branca ,PA,ITAITUBA,-6.3608361111111105,-56.26710833333333,Alta
9815,Nome da mina não informado,BA,JAGUARARI,-9.86087888888889,-39.880362777777776,Média
9816,Nome da mina não informado,BA,JAGUARARI,-9.862105,-39.88049777777778,Baixa
9818,Mina Serra do Sapo,MG,CONCEIÇÃO DO MATO DENTRO,-18.935555555555556,-43.40119166666666,Baixa
9823,Nome da mina não informado,BA,JAGUARARI,-9.863473888888889,-39.87994888888889,Baixa
9824,Nome da mina não informado,BA,JAGUARARI,-9.861199722222223,-39.879016944444444,Baixa
9826,Nome da mina não informado,PA,JACAREACANGA,-9.346195555555557,-56.55292583333333,Baixa
9832,Nome da mina não informado,AP,PORTO GRANDE,0.41214194444444446,-51.72891666666667,Média
9833,Nome da mina não informado,AP,PORTO GRANDE,0.4098638888888889,-51.72924166666667,Média
9834,Nome da mina não informado,AP,PORTO GRANDE,0.4079111111111111,-51.73000555555556,Média
9835,Nome da mina não informado,AP,PORTO GRANDE,0.4070944444444445,-51.73753333333333,Média
9836,Nome da mina não informado,MT,POCONÉ,-16.027080555555553,-56.5248,Média
9837,Nome da mina não informado,MT,POCONÉ,-16.024538888888888,-56.521163888888886,Média
9840,Nome da mina não informado,MT,SÃO JOSÉ DOS QUATRO MARCOS,-15.652405555555555,-58.542855555555555,Baixa
9844,Nome da mina não informado,MT,CUIABÁ,-15.504008333333333,-56.020675,Média
9845,Nome da mina não informado,MT,PONTES E LACERDA,-15.248154722222221,-59.29284583333333,Média
9847,Nome da mina não informado,PA,JURUTI,-2.536477777777778,-56.16697194444444,Baixa
9849,Nome da mina não informado,MT,NOSSA SENHORA DO LIVRAMENTO,-15.97933888888889,-56.49095277777778,Baixa
9854,Nome da mina não informado,MT,POCONÉ,-16.009066666666666,-56.622348055555555,Baixa
9876,Nome da mina não informado,MT,VÁRZEA GRANDE,-15.621726944444445,-56.275935833333335,Média
9896,Nome da mina não informado,MT,NOVA BANDEIRANTES,-9.215338888888889,-58.29170833333333,Baixa
9897,Nome da mina não informado,MT,POCONÉ,-16.219001666666664,-56.61202361111111,Baixa
9911,Nome da mina não informado,MT,NOVA BANDEIRANTES,-9.215338888888889,-58.29170833333333,Baixa
9916,Nome da mina não informado,MG,ESMERALDAS,-19.74476527777778,-44.37487194444444,Média
9919,Porto de areia Fl Jotas,MG,ESMERALDAS,-19.74500388888889,-44.37478055555555,Média
9921,Berion,MT,PONTES E LACERDA,-15.129725,-59.36935277777778,Alta
9924,Nome da mina não informado,SP,TATUÍ,-23.35363611111111,-47.734375,Média
9925,Unidade ITA13,SP,BOFETE,-23.193922222222223,-48.358672222222225,Baixa
9929,Nome da mina não informado,PA,ITAITUBA,-6.4155500000000005,-55.97078888888889,Baixa
9934,Nome da mina não informado,MT,NOSSA SENHORA DO LIVRAMENTO,-15.846633333333333,-56.15958888888889,Baixa
9948,Nome da mina não informado,MT,SANTO ANTÔNIO DE LEVERGER,-15.726747222222222,-55.88217777777778,Baixa
9973,Nome da mina não informado,MT,POCONÉ,-16.305533333333333,-56.732486111111115,Média
9980,Nome da mina não informado,MT,CARLINDA,-9.79448611111111,-55.798375,Média
9986,Nome da mina não informado,PA,CURIONÓPOLIS,-6.086658333333333,-49.652375,Baixa
9988,Nome da mina não informado,BA,MAIQUINIQUE,-15.780347222222224,-40.31443055555555,Alta
9990,Mina de Fábrica,MG,CONGONHAS,-20.44013888888889,-43.905138888888885,Baixa
9994,Mina Vazante,MG,VAZANTE,-17.961335833333333,-46.84977777777778,Baixa
10007,Cava paiol,TO,ALMAS,-11.718616944444445,-47.18900194444444,Baixa
10010,Nome da mina não informado,MT,NOVA LACERDA,-14.479905555555556,-59.8378,Baixa
10013,Nome da mina não informado,MG,ITATIAIUÇU,-20.158188888888887,-44.426449999999996,Baixa
10014,Nome da mina não informado,MT,VÁRZEA GRANDE,-15.621347222222223,-56.27679166666667,Média
10019,Nome da mina não informado,MG,UBERABA,-19.409470277777775,-47.953901111111115,Baixa
10020,Nome da mina não informado,MG,UBERABA,-19.40967472222222,-47.954255833333335,Baixa
10021,Nome da mina não informado,MG,UBERABA,-19.40951944444444,-47.95547944444445,Baixa
10022,Nome da mina não informado,MG,UBERABA,-19.410207777777778,-47.95630055555556,Baixa
10030,Nome da mina não informado,MT,NOSSA SENHORA DO LIVRAMENTO,-15.796725,-56.27104444444444,Baixa
10033,Nome da mina não informado,MT,CUIABÁ,-15.556175000000001,-55.84623888888889,Baixa
10039,Nome da mina não informado,MT,POCONÉ,-16.25613611111111,-56.656413888888885,Baixa
10041,Nome da mina não informado,MT,POCONÉ,-16.21913888888889,-56.652563888888885,Baixa
10045,Nome da mina não informado,MT,POCONÉ,-16.24745,-56.65826111111111,Baixa
10049,Nome da mina não informado,MT,NOSSA SENHORA DO LIVRAMENTO,-15.669688888888889,-56.35072777777778,Baixa
10054,Nome da mina não informado,MT,CUIABÁ,-15.919627777777777,-56.44723527777777,Baixa
10058,Nome da mina não informado,MT,CUIABÁ,-15.492038333333333,-55.939119999999996,Baixa
10059,Nome da mina não informado,MT,POCONÉ,-16.265494444444446,-56.589869444444446,Baixa
10060,Mina Sossego,MT,NOSSA SENHORA DO LIVRAMENTO,-15.844419444444444,-56.31103333333333,Baixa
10066,Nome da mina não informado,PA,ORIXIMINÁ,-1.6719944444444443,-56.48735,Baixa
10067,Nome da mina não informado,PA,ORIXIMINÁ,-1.673861111111111,-56.49186944444445,Baixa
10073,Nome da mina não informado,BA,MAIQUINIQUE,-15.788333333333334,-40.323055555555555,Baixa
10084,Nome da mina não informado,MT,NOSSA SENHORA DO LIVRAMENTO,-15.809580555555556,-56.16383888888889,Baixa
10097,OURO FINO,MT,NOSSA SENHORA DO LIVRAMENTO,-15.793255555555556,-56.18175833333333,Baixa
10099,Nome da mina não informado,MT,NOSSA SENHORA DO LIVRAMENTO,-15.694680555555555,-56.368611111111115,Baixa
10114,Nome da mina não informado,MT,PONTES E LACERDA,-15.304491666666667,-59.42344166666666,Média
10117,MINA OSAMO UTSUMI,MG,CALDAS,-21.97076111111111,-46.49391111111111,Baixa
10118,Nome da mina não informado,MG,CALDAS,-21.96611111111111,-46.51111111111111,Alta
10119,Mina do Engenho,BA,CAETITÉ,-13.835227777777778,-42.281702777777774,Alta
10120,Mina do Engenho,BA,CAETITÉ,-13.834747222222223,-42.281169444444444,Alta
10121,Mina do Engenho,BA,CAETITÉ,-13.835941666666667,-42.28261944444444,Alta
10122,Mina do Engenho,BA,CAETITÉ,-13.836108333333334,-42.284283333333335,Alta
10128,Nome da mina não informado,MT,NOSSA SENHORA DO LIVRAMENTO,-15.689327777777779,-56.35328055555556,Alta
10129,Nome da mina não informado,MT,NOSSA SENHORA DO LIVRAMENTO,-15.692141666666666,-56.36056666666667,Média
10172,Nome da mina não informado,MG,CALDAS,-21.94025388888889,-46.48911888888889,Alta
10174,Nome da mina não informado,MG,SARZEDO,-20.090052777777778,-44.11182222222222,Média
10179,Nome da mina não informado,MT,NOSSA SENHORA DO LIVRAMENTO,-15.935405555555556,-56.467913888888894,Baixa
10185,Nome da mina não informado,MA,GODOFREDO VIANA,-1.3095933333333334,-45.767765555555556,Média
10188,Nome da mina não informado,MG,SANTA BÁRBARA,-19.966949999999997,-43.47503888888889,Média
10189,Nome da mina não informado,MG,SANTA BÁRBARA,-20.006616666666666,-43.506766666666664,Baixa
10193,Nome da mina não informado,PA,PARAUAPEBAS,-6.479033888888889,-51.06147583333333,Baixa
10194,Mina Tocantinzinho,PA,ITAITUBA,-6.067933333333333,-56.28649722222222,Baixa
10195,Mina Tocantinzinho,PA,ITAITUBA,-6.03965,-56.29055555555556,Baixa
10218,Nome da mina não informado,MT,NOSSA SENHORA DO LIVRAMENTO,-15.771905555555556,-56.37585277777778,Média
10227,Nome da mina não informado,MG,SABARÁ,-19.818805555555556,-43.71078888888889,Média
10228,Nome da mina não informado,SP,ANALÂNDIA,-22.150666666666666,-47.6425,Média
10232,Nome da mina não informado,MT,POCONÉ,-16.08727222222222,-56.55987222222222,Média
10233,Mina Pequi,GO,NIQUELÂNDIA,-14.52635,-48.46074166666667,Média
10237,Nome da mina não informado,PA,PARAUAPEBAS,-6.445389722222222,-51.07649388888889,Baixa
10241,Nome da mina não informado,MT,CUIABÁ,-15.557166666666667,-55.81506666666667,Baixa
10245,Nome da mina não informado,GO,CRIXÁS,-14.586013888888889,-49.94083611111111,Média
10247,Complexo Germano,MG,MARIANA,-20.188345,-43.497886944444446,Baixa
10252,Nome da mina não informado,PA,ORIXIMINÁ,-1.6695788888888887,-56.49726638888889,Baixa
10253,Nome da mina não informado,PA,ORIXIMINÁ,-1.6689947222222221,-56.502364166666666,Baixa
10254,Nome da mina não informado,PA,ORIXIMINÁ,-1.6734469444444442,-56.50005222222222,Baixa
10256,Campbell,BA,MARACÁS,-14.161150555555556,-41.159390555555554,Baixa
10260,Helvio,MT,PONTES E LACERDA,-15.130688888888889,-59.379419444444444,Média
10267,Nome da mina não informado,GO,NIQUELÂNDIA,-14.478547222222222,-48.25893888888889,Média
10269,Nome da mina não informado,BA,CAETITÉ,-13.828388888888888,-42.287791666666664,Média
10272,Nome da mina não informado,BA,CAETITÉ,-13.829672222222221,-42.287369444444444,Média
10276,Mina de Catalão,GO,OUVIDOR,-18.150563888888886,-47.77273388888889,Baixa
10279,Nome da mina não informado,MG,TAPIRA,-19.873994444444445,-46.80303055555555,Baixa
10287,Nome da mina não informado,GO,NIQUELÂNDIA,-14.415972222222223,-48.25553611111111,Alta
10290,Nome da mina não informado,RS,SANTO ANTÔNIO DA PATRULHA,-29.91363611111111,-50.47762222222222,Média
10292,Nome da mina não informado,MT,POCONÉ,-16.282602777777775,-56.6218,Baixa
10293,Nome da mina não informado,MT,POCONÉ,-16.097016666666665,-56.564841666666666,Baixa
10294,Nome da mina não informado,SP,SÃO BERNARDO DO CAMPO,-23.889285,-46.58068083333334,Média
10296,Nome da mina não informado,MT,NOSSA SENHORA DO LIVRAMENTO,-15.45638861111111,-56.45557638888889,Baixa
10308,Nome da mina não informado,MT,PONTES E LACERDA,-15.414491666666667,-59.34599166666667,Baixa
10310,Aura Borborema,RN,CURRAIS NOVOS,-6.202081944444445,-36.299743888888884,Baixa
10314,Nome da mina não informado,GO,NIQUELÂNDIA,-14.477511111111111,-48.259175,Média
10316,Nome da mina não informado,MT,NOSSA SENHORA DO LIVRAMENTO,-15.891647222222222,-56.18518333333333,Baixa
10320,Nome da mina não informado,MT,POCONÉ,-16.037872222222223,-56.54103611111111,Baixa
10321,CHICO,MT,POCONÉ,-16.246569444444447,-56.65663333333333,Baixa
10322,Mineração Mutuca,MT,NOSSA SENHORA DO LIVRAMENTO,-15.877625,-56.43714444444444,Baixa
10335,Mina do Brumado,MG,SABARÁ,-19.816820833333335,-43.69289166666666,Baixa
10336,MINERAÇÃO MANAH,MT,NOSSA SENHORA DO LIVRAMENTO,-16.00631388888889,-56.33573888888889,Baixa
10342,PM1 MINERAÇÃO,MT,JURUENA,-10.414724444444445,-58.450630555555556,Baixa
10346,DISKBASE,SP,ALAMBARI,-23.57928888888889,-47.82965277777778,Média
10347,DISKBASE,SP,ALAMBARI,-23.581319444444443,-47.83109166666667,Média
10348,Nome da mina não informado,AP,SERRA DO NAVIO,0.8825833333333334,-52.00658333333333,Alta
10349,Nome da mina não informado,AP,SERRA DO NAVIO,0.8737777777777778,-51.998222222222225,Alta
10350,Nome da mina não informado,AP,SERRA DO NAVIO,0.8824722222222222,-52.00244444444444,Alta
10351,Nome da mina não informado,AP,SERRA DO NAVIO,0.87775,-51.98525,Alta
10352,Nome da mina não informado,AP,SERRA DO NAVIO,0.8789444444444445,-51.992472222222226,Alta
10353,Nome da mina não informado,AP,SERRA DO NAVIO,0.8781666666666667,-52.007,Alta
10354,Nome da mina não informado,MT,POCONÉ,-16.027283333333333,-56.51847222222222,Média
10356,Nome da mina não informado,MT,NOSSA SENHORA DO LIVRAMENTO,-15.661883333333334,-56.33473055555556,Baixa
10357,Mineração Santa Cruz,MG,OURO PRETO,-20.432008333333336,-43.67438055555555,Alta
